ticker,created,id,sent_score,sentiment
MMM,Thu Mar 31 22:51:05 +0000 2022,1.51E+18,1,positive
MMM,Thu Mar 31 22:30:02 +0000 2022,1.51E+18,0.275,positive
MMM,Thu Mar 31 20:28:37 +0000 2022,1.51E+18,0.106666667,positive
MMM,Thu Mar 31 17:33:06 +0000 2022,1.51E+18,1,positive
MMM,Tue Mar 29 23:03:05 +0000 2022,1.51E+18,1,positive
ABT,Thu Mar 31 19:33:06 +0000 2022,1.51E+18,1,positive
ABT,Thu Mar 31 12:40:44 +0000 2022,1.51E+18,0.16,positive
ABT,Wed Mar 30 17:08:10 +0000 2022,1.51E+18,0,neutral
ABT,Wed Mar 30 11:33:39 +0000 2022,1.51E+18,0,neutral
ABBV,Thu Mar 31 17:16:15 +0000 2022,1.51E+18,0,neutral
ABBV,Wed Mar 30 22:15:20 +0000 2022,1.51E+18,1,positive
ACN,Thu Mar 31 14:18:09 +0000 2022,1.51E+18,1,positive
ACN,Wed Mar 30 16:05:17 +0000 2022,1.51E+18,0.106666667,positive
ATVI,Wed Mar 30 15:00:03 +0000 2022,1.51E+18,0.275,positive
ATVI,Wed Mar 30 14:50:06 +0000 2022,1.51E+18,0,neutral
ATVI,Wed Mar 30 14:19:55 +0000 2022,1.51E+18,0,neutral
ADM,Wed Mar 30 14:00:31 +0000 2022,1.51E+18,-0.083333333,negative
ADBE,Thu Mar 31 20:01:40 +0000 2022,1.51E+18,0,neutral
ADP,Wed Mar 30 19:13:16 +0000 2022,1.51E+18,0,neutral
ADP,Wed Mar 30 12:21:59 +0000 2022,1.51E+18,0,neutral
ADP,Wed Mar 30 11:52:36 +0000 2022,1.51E+18,0,neutral
AES,Wed Mar 30 19:01:09 +0000 2022,1.51E+18,0.275,positive
AES,Wed Mar 30 19:00:51 +0000 2022,1.51E+18,0.275,positive
AES,Wed Mar 30 18:52:49 +0000 2022,1.51E+18,0.275,positive
AFL,Wed Mar 30 22:30:02 +0000 2022,1.51E+18,0.275,positive
A,Thu Mar 31 19:28:00 +0000 2022,1.51E+18,0.51,positive
A,Thu Mar 31 07:31:21 +0000 2022,1.51E+18,0.4,positive
A,Thu Mar 31 01:14:19 +0000 2022,1.51E+18,0.193181818,positive
A,Wed Mar 30 23:10:58 +0000 2022,1.51E+18,0.136363636,positive
A,Wed Mar 30 21:01:30 +0000 2022,1.51E+18,0,neutral
A,Wed Mar 30 20:25:33 +0000 2022,1.51E+18,0.093181818,positive
A,Wed Mar 30 19:12:25 +0000 2022,1.51E+18,0.136363636,positive
A,Wed Mar 30 15:05:59 +0000 2022,1.51E+18,0,neutral
A,Wed Mar 30 13:24:33 +0000 2022,1.51E+18,0,neutral
A,Wed Mar 30 12:22:01 +0000 2022,1.51E+18,0.15,positive
AIG,Thu Mar 31 12:35:41 +0000 2022,1.51E+18,0.271428571,positive
AKAM,Wed Mar 30 22:12:25 +0000 2022,1.51E+18,0,neutral
AKAM,Wed Mar 30 19:15:01 +0000 2022,1.51E+18,0,neutral
ARE,Thu Mar 31 12:43:03 +0000 2022,1.51E+18,0.216666667,positive
ARE,Wed Mar 30 03:44:19 +0000 2022,1.51E+18,0,neutral
ALGN,Wed Mar 30 19:28:45 +0000 2022,1.51E+18,0.106666667,positive
LNT,Thu Mar 31 23:16:25 +0000 2022,1.51E+18,0.16,positive
ALL,Thu Mar 31 12:30:34 +0000 2022,1.51E+18,0.016666667,positive
GOOGL,Thu Mar 31 21:51:05 +0000 2022,1.51E+18,1,positive
GOOGL,Thu Mar 31 20:10:10 +0000 2022,1.51E+18,0,neutral
GOOGL,Thu Mar 31 16:33:06 +0000 2022,1.51E+18,1,positive
GOOGL,Wed Mar 30 23:12:39 +0000 2022,1.51E+18,0.003333333,positive
GOOGL,Wed Mar 30 20:21:12 +0000 2022,1.51E+18,0,neutral
GOOGL,Wed Mar 30 20:12:33 +0000 2022,1.51E+18,0.1,positive
GOOGL,Wed Mar 30 18:01:34 +0000 2022,1.51E+18,0,neutral
GOOGL,Wed Mar 30 15:39:16 +0000 2022,1.51E+18,-0.1875,negative
GOOGL,Wed Mar 30 13:47:20 +0000 2022,1.51E+18,0,neutral
GOOG,Thu Mar 31 21:48:07 +0000 2022,1.51E+18,1,positive
GOOG,Thu Mar 31 16:30:28 +0000 2022,1.51E+18,1,positive
GOOG,Thu Mar 31 14:34:59 +0000 2022,1.51E+18,0.016071429,positive
GOOG,Wed Mar 30 23:12:39 +0000 2022,1.51E+18,0.003333333,positive
GOOG,Wed Mar 30 20:12:33 +0000 2022,1.51E+18,0.1,positive
GOOG,Wed Mar 30 13:47:20 +0000 2022,1.51E+18,0,neutral
GOOG,Wed Mar 30 10:59:24 +0000 2022,1.51E+18,0,neutral
MO,Thu Mar 31 17:36:08 +0000 2022,1.51E+18,1,positive
MO,Thu Mar 31 13:24:04 +0000 2022,1.51E+18,0.106666667,positive
MO,Wed Mar 30 02:13:52 +0000 2022,1.51E+18,0.16,positive
AMZN,Thu Mar 31 20:20:20 +0000 2022,1.51E+18,0,neutral
AMZN,Thu Mar 31 19:51:06 +0000 2022,1.51E+18,1,positive
AMZN,Thu Mar 31 18:47:30 +0000 2022,1.51E+18,0,neutral
AMZN,Thu Mar 31 18:24:28 +0000 2022,1.51E+18,0,neutral
AMZN,Thu Mar 31 18:15:53 +0000 2022,1.51E+18,0.16,positive
AMZN,Thu Mar 31 17:16:16 +0000 2022,1.51E+18,0,neutral
AMZN,Thu Mar 31 16:27:26 +0000 2022,1.51E+18,0,neutral
AMZN,Thu Mar 31 15:49:04 +0000 2022,1.51E+18,0,neutral
AMZN,Thu Mar 31 15:48:50 +0000 2022,1.51E+18,0,neutral
AMZN,Thu Mar 31 15:09:59 +0000 2022,1.51E+18,0.016071429,positive
AMCR,Thu Mar 31 09:00:29 +0000 2022,1.51E+18,-0.140740741,negative
AMD,Thu Mar 31 23:03:55 +0000 2022,1.51E+18,0,neutral
AMD,Thu Mar 31 23:02:41 +0000 2022,1.51E+18,0.2,positive
AMD,Thu Mar 31 23:01:52 +0000 2022,1.51E+18,0,neutral
AMD,Thu Mar 31 20:01:27 +0000 2022,1.51E+18,0.275,positive
AMD,Thu Mar 31 19:56:14 +0000 2022,1.51E+18,0,neutral
AMD,Thu Mar 31 19:39:48 +0000 2022,1.51E+18,0,neutral
AMD,Thu Mar 31 18:24:28 +0000 2022,1.51E+18,0,neutral
AMD,Thu Mar 31 18:12:21 +0000 2022,1.51E+18,0.275,positive
AMD,Thu Mar 31 18:02:54 +0000 2022,1.51E+18,0,neutral
AMD,Thu Mar 31 17:52:42 +0000 2022,1.51E+18,0.5,positive
AEE,Thu Mar 31 18:10:45 +0000 2022,1.51E+18,0,neutral
AAL,Thu Mar 31 23:37:04 +0000 2022,1.51E+18,0,neutral
AAL,Thu Mar 31 19:23:21 +0000 2022,1.51E+18,0.275,positive
AAL,Thu Mar 31 17:16:16 +0000 2022,1.51E+18,0,neutral
AAL,Thu Mar 31 17:16:16 +0000 2022,1.51E+18,0,neutral
AAL,Thu Mar 31 17:16:16 +0000 2022,1.51E+18,0,neutral
AAL,Thu Mar 31 17:16:16 +0000 2022,1.51E+18,0,neutral
AAL,Thu Mar 31 17:16:16 +0000 2022,1.51E+18,0,neutral
AAL,Wed Mar 30 23:06:06 +0000 2022,1.51E+18,0,neutral
AAL,Wed Mar 30 16:49:00 +0000 2022,1.51E+18,0.275,positive
AAL,Wed Mar 30 16:43:43 +0000 2022,1.51E+18,0,neutral
AEP,Wed Mar 30 15:54:04 +0000 2022,1.51E+18,0,neutral
AEP,Wed Mar 30 15:25:42 +0000 2022,1.51E+18,0,neutral
AEP,Wed Mar 30 03:23:01 +0000 2022,1.51E+18,0,neutral
AXP,Thu Mar 31 22:30:02 +0000 2022,1.51E+18,0.275,positive
AXP,Thu Mar 31 19:57:06 +0000 2022,1.51E+18,1,positive
AXP,Thu Mar 31 17:16:16 +0000 2022,1.51E+18,0,neutral
AXP,Thu Mar 31 17:16:16 +0000 2022,1.51E+18,0,neutral
AXP,Thu Mar 31 17:16:16 +0000 2022,1.51E+18,0,neutral
AXP,Thu Mar 31 17:16:16 +0000 2022,1.51E+18,0,neutral
AXP,Thu Mar 31 16:26:09 +0000 2022,1.51E+18,0,neutral
AXP,Thu Mar 31 16:08:39 +0000 2022,1.51E+18,0.275,positive
AXP,Wed Mar 30 17:24:08 +0000 2022,1.51E+18,1,positive
AXP,Wed Mar 30 16:07:57 +0000 2022,1.51E+18,0,neutral
AMT,Thu Mar 31 22:47:00 +0000 2022,1.51E+18,0.106666667,positive
AMT,Thu Mar 31 19:48:08 +0000 2022,1.51E+18,1,positive
AMT,Thu Mar 31 14:30:30 +0000 2022,1.51E+18,1,positive
AWK,Thu Mar 31 15:35:41 +0000 2022,1.51E+18,0.045454545,positive
AWK,Thu Mar 31 14:27:53 +0000 2022,1.51E+18,0.106666667,positive
AWK,Wed Mar 30 22:30:02 +0000 2022,1.51E+18,0.275,positive
AMP,Thu Mar 31 16:00:12 +0000 2022,1.51E+18,-0.075,negative
AMP,Thu Mar 31 00:04:26 +0000 2022,1.51E+18,0,neutral
AMP,Wed Mar 30 16:34:27 +0000 2022,1.51E+18,0,neutral
AMP,Wed Mar 30 15:05:57 +0000 2022,1.51E+18,0,neutral
ABC,Thu Mar 31 19:37:22 +0000 2022,1.51E+18,0,neutral
AMGN,Thu Mar 31 17:16:16 +0000 2022,1.51E+18,0,neutral
AMGN,Thu Mar 31 16:51:33 +0000 2022,1.51E+18,0.275,positive
AMGN,Thu Mar 31 14:27:06 +0000 2022,1.51E+18,1,positive
AMGN,Wed Mar 30 17:12:08 +0000 2022,1.51E+18,1,positive
APH,Thu Mar 31 10:00:26 +0000 2022,1.51E+18,-0.140740741,negative
ADI,Wed Mar 30 22:06:17 +0000 2022,1.51E+18,0,neutral
ANTM,Wed Mar 30 12:30:00 +0000 2022,1.51E+18,0.175324675,positive
AON,Wed Mar 30 12:30:00 +0000 2022,1.51E+18,0.175324675,positive
APA,Thu Mar 31 21:41:59 +0000 2022,1.51E+18,0,neutral
APA,Thu Mar 31 17:16:16 +0000 2022,1.51E+18,0,neutral
APA,Thu Mar 31 15:48:50 +0000 2022,1.51E+18,0,neutral
APA,Wed Mar 30 14:25:18 +0000 2022,1.51E+18,0,neutral
APA,Wed Mar 30 13:55:30 +0000 2022,1.51E+18,0.275,positive
APA,Wed Mar 30 13:54:30 +0000 2022,1.51E+18,0.275,positive
APA,Wed Mar 30 13:53:04 +0000 2022,1.51E+18,0.275,positive
AAPL,Thu Mar 31 19:27:06 +0000 2022,1.51E+18,1,positive
AAPL,Thu Mar 31 19:06:47 +0000 2022,1.51E+18,0.275,positive
AAPL,Thu Mar 31 18:51:44 +0000 2022,1.51E+18,-0.275,negative
AAPL,Thu Mar 31 18:24:28 +0000 2022,1.51E+18,0,neutral
AAPL,Thu Mar 31 18:13:43 +0000 2022,1.51E+18,0.275,positive
AAPL,Thu Mar 31 18:13:16 +0000 2022,1.51E+18,0,neutral
AAPL,Thu Mar 31 18:00:08 +0000 2022,1.51E+18,0.275,positive
AAPL,Thu Mar 31 17:16:16 +0000 2022,1.51E+18,0,neutral
AAPL,Thu Mar 31 17:16:16 +0000 2022,1.51E+18,0,neutral
AAPL,Thu Mar 31 17:16:16 +0000 2022,1.51E+18,0,neutral
AMAT,Thu Mar 31 14:06:18 +0000 2022,1.51E+18,0,neutral
AMAT,Thu Mar 31 00:25:13 +0000 2022,1.51E+18,0.1,positive
APTV,Thu Mar 31 20:02:38 +0000 2022,1.51E+18,0,neutral
APTV,Wed Mar 30 22:30:02 +0000 2022,1.51E+18,0.275,positive
ANET,Thu Mar 31 02:15:34 +0000 2022,1.51E+18,0,neutral
AIZ,Thu Mar 31 18:10:45 +0000 2022,1.51E+18,0,neutral
AIZ,Wed Mar 30 03:22:51 +0000 2022,1.51E+18,0.032467532,positive
AIZ,Wed Mar 30 03:06:05 +0000 2022,1.51E+18,0.136363636,positive
T,Thu Mar 31 23:54:07 +0000 2022,1.51E+18,1,positive
T,Thu Mar 31 19:51:03 +0000 2022,1.51E+18,0.275,positive
T,Thu Mar 31 18:36:09 +0000 2022,1.51E+18,1,positive
T,Thu Mar 31 17:16:16 +0000 2022,1.51E+18,0,neutral
T,Thu Mar 31 17:16:16 +0000 2022,1.51E+18,0,neutral
T,Thu Mar 31 17:16:16 +0000 2022,1.51E+18,0,neutral
T,Thu Mar 31 17:16:16 +0000 2022,1.51E+18,0,neutral
T,Thu Mar 31 17:16:16 +0000 2022,1.51E+18,0,neutral
T,Thu Mar 31 17:16:16 +0000 2022,1.51E+18,0,neutral
T,Thu Mar 31 16:45:50 +0000 2022,1.51E+18,0.106666667,positive
ADSK,Thu Mar 31 15:17:58 +0000 2022,1.51E+18,0.16,positive
ADSK,Thu Mar 31 08:00:16 +0000 2022,1.51E+18,-0.140740741,negative
ADSK,Wed Mar 30 17:45:30 +0000 2022,1.51E+18,0.275,positive
ADSK,Wed Mar 30 17:44:39 +0000 2022,1.51E+18,0,neutral
ADSK,Wed Mar 30 17:44:39 +0000 2022,1.51E+18,0,neutral
ADSK,Wed Mar 30 00:31:29 +0000 2022,1.51E+18,0,neutral
AZO,Thu Mar 31 14:14:00 +0000 2022,1.51E+18,-0.3,negative
AVB,Thu Mar 31 13:01:26 +0000 2022,1.51E+18,-0.140740741,negative
BKR,Thu Mar 31 21:56:14 +0000 2022,1.51E+18,0,neutral
BLL,Thu Mar 31 12:00:28 +0000 2022,1.51E+18,-0.140740741,negative
BLL,Wed Mar 30 17:10:37 +0000 2022,1.51E+18,0.237121212,positive
BAC,Thu Mar 31 20:06:08 +0000 2022,1.51E+18,1,positive
BAC,Thu Mar 31 18:49:24 +0000 2022,1.51E+18,0.55,positive
BAC,Thu Mar 31 18:42:45 +0000 2022,1.51E+18,0,neutral
BAC,Thu Mar 31 18:22:38 +0000 2022,1.51E+18,0.275,positive
BAC,Thu Mar 31 18:20:14 +0000 2022,1.51E+18,0.275,positive
BAC,Thu Mar 31 18:08:20 +0000 2022,1.51E+18,0.275,positive
BAC,Thu Mar 31 17:18:32 +0000 2022,1.51E+18,0.275,positive
BAC,Thu Mar 31 17:16:16 +0000 2022,1.51E+18,0,neutral
BAC,Thu Mar 31 17:16:16 +0000 2022,1.51E+18,0,neutral
BAC,Thu Mar 31 17:16:16 +0000 2022,1.51E+18,0,neutral
BBWI,Thu Mar 31 22:30:00 +0000 2022,1.51E+18,0.275,positive
BBWI,Thu Mar 31 17:16:16 +0000 2022,1.51E+18,0,neutral
BBWI,Wed Mar 30 23:32:17 +0000 2022,1.51E+18,0.16,positive
BBWI,Wed Mar 30 14:35:05 +0000 2022,1.51E+18,0,neutral
BBWI,Wed Mar 30 14:35:05 +0000 2022,1.51E+18,0,neutral
BBWI,Wed Mar 30 14:35:05 +0000 2022,1.51E+18,0,neutral
BAX,Thu Mar 31 19:37:37 +0000 2022,1.51E+18,0.275,positive
BAX,Wed Mar 30 13:10:25 +0000 2022,1.51E+18,0,neutral
BDX,Thu Mar 31 23:59:23 +0000 2022,1.51E+18,0,neutral
BDX,Thu Mar 31 22:30:02 +0000 2022,1.51E+18,0.275,positive
BDX,Thu Mar 31 11:00:52 +0000 2022,1.51E+18,0,neutral
BDX,Thu Mar 31 10:51:56 +0000 2022,1.51E+18,0,neutral
BRK.B,Thu Mar 31 20:24:07 +0000 2022,1.51E+18,1,positive
BBY,Thu Mar 31 21:14:42 +0000 2022,1.51E+18,0.266666667,positive
BBY,Wed Mar 30 10:44:03 +0000 2022,1.51E+18,0,neutral
BIO,Wed Mar 30 14:56:12 +0000 2022,1.51E+18,0.16,positive
TECH,Wed Mar 30 11:20:30 +0000 2022,1.51E+18,0.16,positive
TECH,Wed Mar 30 10:00:36 +0000 2022,1.51E+18,-0.140740741,negative
BIIB,Thu Mar 31 00:40:07 +0000 2022,1.51E+18,0.136111111,positive
BIIB,Wed Mar 30 23:42:06 +0000 2022,1.51E+18,-0.2,negative
BIIB,Wed Mar 30 22:51:05 +0000 2022,1.51E+18,1,positive
BIIB,Wed Mar 30 22:37:25 +0000 2022,1.51E+18,0.106666667,positive
BIIB,Wed Mar 30 20:21:14 +0000 2022,1.51E+18,0,neutral
BIIB,Wed Mar 30 19:07:41 +0000 2022,1.51E+18,0.16,positive
BIIB,Wed Mar 30 17:33:06 +0000 2022,1.51E+18,1,positive
BIIB,Wed Mar 30 11:32:22 +0000 2022,1.51E+18,0,neutral
BLK,Thu Mar 31 20:18:09 +0000 2022,1.51E+18,1,positive
BLK,Thu Mar 31 14:57:05 +0000 2022,1.51E+18,1,positive
BLK,Thu Mar 31 14:53:01 +0000 2022,1.51E+18,0,neutral
BLK,Wed Mar 30 21:18:59 +0000 2022,1.51E+18,0,neutral
BLK,Wed Mar 30 15:05:49 +0000 2022,1.51E+18,0.125,positive
BK,Thu Mar 31 20:12:09 +0000 2022,1.51E+18,1,positive
BK,Thu Mar 31 18:49:24 +0000 2022,1.51E+18,0.55,positive
BK,Thu Mar 31 14:51:06 +0000 2022,1.51E+18,1,positive
BK,Wed Mar 30 22:54:06 +0000 2022,1.51E+18,1,positive
BK,Wed Mar 30 20:52:09 +0000 2022,1.51E+18,0,neutral
BK,Wed Mar 30 17:36:08 +0000 2022,1.51E+18,1,positive
BK,Wed Mar 30 12:32:41 +0000 2022,1.51E+18,0,neutral
BK,Wed Mar 30 07:01:02 +0000 2022,1.51E+18,-0.02989899,negative
BA,Thu Mar 31 21:14:42 +0000 2022,1.51E+18,0.266666667,positive
BA,Thu Mar 31 20:20:55 +0000 2022,1.51E+18,0,neutral
BA,Thu Mar 31 20:03:06 +0000 2022,1.51E+18,1,positive
BA,Thu Mar 31 17:16:16 +0000 2022,1.51E+18,0,neutral
BA,Thu Mar 31 15:15:54 +0000 2022,1.51E+18,0,neutral
BA,Thu Mar 31 13:10:17 +0000 2022,1.51E+18,0,neutral
BA,Thu Mar 31 09:11:05 +0000 2022,1.51E+18,0,neutral
BA,Wed Mar 30 17:34:19 +0000 2022,1.51E+18,0,neutral
BA,Wed Mar 30 17:34:18 +0000 2022,1.51E+18,0,neutral
BA,Wed Mar 30 14:30:11 +0000 2022,1.51E+18,0,neutral
BKNG,Thu Mar 31 14:54:08 +0000 2022,1.51E+18,1,positive
BKNG,Wed Mar 30 22:57:06 +0000 2022,1.51E+18,1,positive
BKNG,Wed Mar 30 17:39:06 +0000 2022,1.51E+18,1,positive
BSX,Wed Mar 30 22:30:02 +0000 2022,1.51E+18,0.275,positive
BMY,Thu Mar 31 20:21:06 +0000 2022,1.51E+18,1,positive
BMY,Thu Mar 31 20:00:37 +0000 2022,1.51E+18,0,neutral
BMY,Thu Mar 31 17:00:36 +0000 2022,1.51E+18,0,neutral
BMY,Thu Mar 31 13:56:39 +0000 2022,1.51E+18,0.275,positive
BMY,Wed Mar 30 23:06:07 +0000 2022,1.51E+18,1,positive
BMY,Wed Mar 30 21:16:04 +0000 2022,1.51E+18,0,neutral
BMY,Wed Mar 30 19:31:29 +0000 2022,1.51E+18,0,neutral
BMY,Wed Mar 30 19:31:16 +0000 2022,1.51E+18,0,neutral
BMY,Wed Mar 30 19:31:05 +0000 2022,1.51E+18,0,neutral
BMY,Wed Mar 30 16:43:29 +0000 2022,1.51E+18,0,neutral
AVGO,Wed Mar 30 22:39:05 +0000 2022,1.51E+18,1,positive
AVGO,Wed Mar 30 20:35:18 +0000 2022,1.51E+18,0.075,positive
AVGO,Wed Mar 30 20:35:01 +0000 2022,1.51E+18,0,neutral
AVGO,Wed Mar 30 20:34:34 +0000 2022,1.51E+18,0,neutral
BR,Wed Mar 30 23:02:14 +0000 2022,1.51E+18,0.16,positive
BR,Wed Mar 30 10:49:46 +0000 2022,1.51E+18,0,neutral
BRO,Thu Mar 31 20:48:08 +0000 2022,1.51E+18,0,neutral
CHRW,Thu Mar 31 00:22:22 +0000 2022,1.51E+18,0.16,positive
CHRW,Wed Mar 30 01:41:08 +0000 2022,1.51E+18,0.16,positive
CDNS,Thu Mar 31 21:57:22 +0000 2022,1.51E+18,0.16,positive
CDNS,Wed Mar 30 14:46:23 +0000 2022,1.51E+18,0,neutral
CPT,Tue Mar 29 22:56:58 +0000 2022,1.51E+18,0,neutral
CPB,Thu Mar 31 11:00:38 +0000 2022,1.51E+18,-0.140740741,negative
COF,Thu Mar 31 20:42:07 +0000 2022,1.51E+18,1,positive
COF,Thu Mar 31 18:49:24 +0000 2022,1.51E+18,0.55,positive
COF,Wed Mar 30 23:27:05 +0000 2022,1.51E+18,1,positive
COF,Wed Mar 30 18:09:06 +0000 2022,1.51E+18,1,positive
KMX,Wed Mar 30 00:28:20 +0000 2022,1.51E+18,0.16,positive
CCL,Thu Mar 31 16:44:59 +0000 2022,1.51E+18,0.275,positive
CCL,Thu Mar 31 15:00:05 +0000 2022,1.51E+18,-0.1,negative
CCL,Wed Mar 30 04:11:56 +0000 2022,1.51E+18,0,neutral
CARR,Wed Mar 30 19:48:30 +0000 2022,1.51E+18,0,neutral
CAT,Wed Mar 30 23:15:19 +0000 2022,1.51E+18,1,positive
CDW,Thu Mar 31 22:54:14 +0000 2022,1.51E+18,0,neutral
CNC,Thu Mar 31 10:14:41 +0000 2022,1.51E+18,0.5,positive
CNP,Thu Mar 31 21:26:12 +0000 2022,1.51E+18,0,neutral
CNP,Thu Mar 31 01:49:46 +0000 2022,1.51E+18,0.106666667,positive
CF,Wed Mar 30 14:16:21 +0000 2022,1.51E+18,0,neutral
CF,Tue Mar 29 22:18:07 +0000 2022,1.51E+18,0.16,positive
CRL,Thu Mar 31 04:01:09 +0000 2022,1.51E+18,-0.084444444,negative
CRL,Wed Mar 30 20:55:06 +0000 2022,1.51E+18,0,neutral
CRL,Wed Mar 30 14:08:20 +0000 2022,1.51E+18,0,neutral
SCHW,Thu Mar 31 14:31:51 +0000 2022,1.51E+18,0,neutral
SCHW,Thu Mar 31 13:39:49 +0000 2022,1.51E+18,0.275,positive
SCHW,Thu Mar 31 13:30:47 +0000 2022,1.51E+18,0,neutral
CHTR,Thu Mar 31 20:33:05 +0000 2022,1.51E+18,1,positive
CHTR,Thu Mar 31 15:15:20 +0000 2022,1.51E+18,1,positive
CDAY,Thu Mar 31 12:05:30 +0000 2022,1.51E+18,0,neutral
CF,Wed Mar 30 14:16:21 +0000 2022,1.51E+18,0,neutral
CF,Tue Mar 29 22:18:07 +0000 2022,1.51E+18,0.16,positive
CRL,Thu Mar 31 04:01:09 +0000 2022,1.51E+18,-0.084444444,negative
CRL,Wed Mar 30 20:55:06 +0000 2022,1.51E+18,0,neutral
CRL,Wed Mar 30 14:08:20 +0000 2022,1.51E+18,0,neutral
SCHW,Thu Mar 31 14:31:51 +0000 2022,1.51E+18,0,neutral
SCHW,Thu Mar 31 13:39:49 +0000 2022,1.51E+18,0.275,positive
SCHW,Thu Mar 31 13:30:47 +0000 2022,1.51E+18,0,neutral
CHTR,Thu Mar 31 20:33:05 +0000 2022,1.51E+18,1,positive
CHTR,Thu Mar 31 15:15:20 +0000 2022,1.51E+18,1,positive
CVX,Thu Mar 31 23:00:02 +0000 2022,1.51E+18,0,neutral
CVX,Thu Mar 31 21:03:05 +0000 2022,1.51E+18,1,positive
CVX,Thu Mar 31 17:16:16 +0000 2022,1.51E+18,0,neutral
CVX,Thu Mar 31 13:06:13 +0000 2022,1.51E+18,0,neutral
CVX,Thu Mar 31 08:38:11 +0000 2022,1.51E+18,0,neutral
CVX,Wed Mar 30 13:31:29 +0000 2022,1.51E+18,0.275,positive
CMG,Thu Mar 31 12:10:35 +0000 2022,1.51E+18,0.106666667,positive
CB,Wed Mar 30 14:13:31 +0000 2022,1.51E+18,0.16,positive
CB,Wed Mar 30 12:30:00 +0000 2022,1.51E+18,0.175324675,positive
CHD,Wed Mar 30 21:13:31 +0000 2022,1.51E+18,0,neutral
CHD,Wed Mar 30 03:40:21 +0000 2022,1.51E+18,0,neutral
CHD,Tue Mar 29 22:11:17 +0000 2022,1.51E+18,0,neutral
CI,Thu Mar 31 23:33:24 +0000 2022,1.51E+18,0,neutral
CTAS,Wed Mar 30 13:52:57 +0000 2022,1.51E+18,0.106666667,positive
CSCO,Wed Mar 30 14:57:13 +0000 2022,1.51E+18,0,neutral
C,Thu Mar 31 20:27:06 +0000 2022,1.51E+18,1,positive
C,Thu Mar 31 19:46:51 +0000 2022,1.51E+18,0.016071429,positive
C,Thu Mar 31 18:49:24 +0000 2022,1.51E+18,0.55,positive
C,Thu Mar 31 17:16:16 +0000 2022,1.51E+18,0,neutral
C,Thu Mar 31 17:16:16 +0000 2022,1.51E+18,0,neutral
C,Thu Mar 31 17:16:16 +0000 2022,1.51E+18,0,neutral
C,Thu Mar 31 17:16:16 +0000 2022,1.51E+18,0,neutral
C,Thu Mar 31 17:16:16 +0000 2022,1.51E+18,0,neutral
C,Wed Mar 30 23:12:07 +0000 2022,1.51E+18,1,positive
C,Wed Mar 30 20:06:24 +0000 2022,1.51E+18,0,neutral
CTXS,Wed Mar 30 06:00:42 +0000 2022,1.51E+18,-0.140740741,negative
CLX,Wed Mar 30 19:59:45 +0000 2022,1.51E+18,0,neutral
CLX,Wed Mar 30 04:25:11 +0000 2022,1.51E+18,0,neutral
CME,Thu Mar 31 19:02:31 +0000 2022,1.51E+18,0.275,positive
CME,Thu Mar 31 11:46:33 +0000 2022,1.51E+18,0.106666667,positive
CME,Wed Mar 30 15:02:28 +0000 2022,1.51E+18,-0.05,negative
CME,Wed Mar 30 10:59:24 +0000 2022,1.51E+18,0,neutral
CMS,Wed Mar 30 10:01:16 +0000 2022,1.51E+18,0.033333333,positive
KO,Thu Mar 31 17:16:16 +0000 2022,1.51E+18,0,neutral
KO,Wed Mar 30 19:57:12 +0000 2022,1.51E+18,0,neutral
KO,Wed Mar 30 17:30:19 +0000 2022,1.51E+18,0,neutral
KO,Wed Mar 30 17:15:05 +0000 2022,1.51E+18,1,positive
KO,Wed Mar 30 16:47:04 +0000 2022,1.51E+18,0.275,positive
KO,Wed Mar 30 14:46:05 +0000 2022,1.51E+18,0,neutral
KO,Wed Mar 30 14:46:05 +0000 2022,1.51E+18,0,neutral
KO,Wed Mar 30 14:27:06 +0000 2022,1.51E+18,1,positive
CL,Thu Mar 31 22:45:04 +0000 2022,1.51E+18,1,positive
CL,Thu Mar 31 15:34:27 +0000 2022,1.51E+18,0,neutral
CL,Thu Mar 31 15:18:08 +0000 2022,1.51E+18,1,positive
CL,Thu Mar 31 11:52:10 +0000 2022,1.51E+18,0.2,positive
CL,Thu Mar 31 06:30:44 +0000 2022,1.51E+18,0.1,positive
CL,Wed Mar 30 20:07:23 +0000 2022,1.51E+18,0,neutral
CL,Wed Mar 30 14:30:06 +0000 2022,1.51E+18,1,positive
CL,Wed Mar 30 12:23:25 +0000 2022,1.51E+18,0.35,positive
CL,Wed Mar 30 03:19:57 +0000 2022,1.51E+18,0,neutral
CMCSA,Thu Mar 31 20:39:06 +0000 2022,1.51E+18,1,positive
CMCSA,Thu Mar 31 17:16:16 +0000 2022,1.51E+18,0,neutral
CMCSA,Thu Mar 31 15:21:07 +0000 2022,1.51E+18,1,positive
CMCSA,Thu Mar 31 14:06:29 +0000 2022,1.51E+18,0.097727273,positive
CMCSA,Thu Mar 31 01:19:34 +0000 2022,1.51E+18,0.3,positive
CMCSA,Thu Mar 31 00:00:01 +0000 2022,1.51E+18,0.3,positive
CMCSA,Wed Mar 30 22:31:39 +0000 2022,1.51E+18,0,neutral
CMCSA,Wed Mar 30 13:31:43 +0000 2022,1.51E+18,0.275,positive
COP,Thu Mar 31 23:00:02 +0000 2022,1.51E+18,0,neutral
COP,Thu Mar 31 22:30:01 +0000 2022,1.51E+18,0.275,positive
COP,Thu Mar 31 21:47:04 +0000 2022,1.51E+18,0,neutral
COP,Thu Mar 31 20:45:19 +0000 2022,1.51E+18,1,positive
COP,Thu Mar 31 17:16:16 +0000 2022,1.51E+18,0,neutral
COP,Thu Mar 31 17:16:16 +0000 2022,1.51E+18,0,neutral
COP,Thu Mar 31 17:16:16 +0000 2022,1.51E+18,0,neutral
COP,Thu Mar 31 17:16:16 +0000 2022,1.51E+18,0,neutral
COP,Thu Mar 31 17:16:16 +0000 2022,1.51E+18,0,neutral
COP,Thu Mar 31 17:12:04 +0000 2022,1.51E+18,0,neutral
ED,Thu Mar 31 21:40:58 +0000 2022,1.51E+18,0,neutral
ED,Thu Mar 31 15:57:33 +0000 2022,1.51E+18,0,neutral
ED,Thu Mar 31 15:57:33 +0000 2022,1.51E+18,0,neutral
STZ,Wed Mar 30 13:36:57 +0000 2022,1.51E+18,0,neutral
STZ,Wed Mar 30 13:36:57 +0000 2022,1.51E+18,0,neutral
STZ,Wed Mar 30 03:55:37 +0000 2022,1.51E+18,0,neutral
STZ,Wed Mar 30 03:01:10 +0000 2022,1.51E+18,-0.140740741,negative
CEG,Wed Mar 30 16:35:17 +0000 2022,1.51E+18,0,neutral
CEG,Wed Mar 30 16:35:17 +0000 2022,1.51E+18,0,neutral
COO,Wed Mar 30 10:17:37 +0000 2022,1.51E+18,0,neutral
CPRT,Wed Mar 30 20:37:49 +0000 2022,1.51E+18,0.106666667,positive
CPRT,Tue Mar 29 23:37:11 +0000 2022,1.51E+18,0.111111111,positive
GLW,Wed Mar 30 15:19:28 +0000 2022,1.51E+18,0.106666667,positive
CTVA,Thu Mar 31 16:19:05 +0000 2022,1.51E+18,0,neutral
COST,Thu Mar 31 15:30:32 +0000 2022,1.51E+18,1,positive
COST,Thu Mar 31 14:02:57 +0000 2022,1.51E+18,0.333333333,positive
COST,Wed Mar 30 23:33:05 +0000 2022,1.51E+18,1,positive
COST,Wed Mar 30 20:15:00 +0000 2022,1.51E+18,0,neutral
COST,Wed Mar 30 18:15:19 +0000 2022,1.51E+18,1,positive
COST,Wed Mar 30 17:00:04 +0000 2022,1.51E+18,0.5,positive
COST,Wed Mar 30 12:25:40 +0000 2022,1.51E+18,0,neutral
CTRA,Thu Mar 31 22:56:47 +0000 2022,1.51E+18,0,neutral
CSX,Thu Mar 31 13:56:11 +0000 2022,1.51E+18,0.275,positive
CVS,Thu Mar 31 23:08:48 +0000 2022,1.51E+18,0,neutral
CVS,Thu Mar 31 20:57:05 +0000 2022,1.51E+18,1,positive
CVS,Thu Mar 31 17:16:16 +0000 2022,1.51E+18,0,neutral
CVS,Thu Mar 31 14:19:09 +0000 2022,1.51E+18,0.275,positive
CVS,Thu Mar 31 13:30:02 +0000 2022,1.51E+18,0.275,positive
CVS,Wed Mar 30 18:24:07 +0000 2022,1.51E+18,1,positive
CVS,Wed Mar 30 13:47:20 +0000 2022,1.51E+18,0,neutral
CVS,Wed Mar 30 12:32:41 +0000 2022,1.51E+18,0,neutral
DHI,Thu Mar 31 22:00:48 +0000 2022,1.51E+18,0,neutral
DHI,Thu Mar 31 19:21:33 +0000 2022,1.51E+18,0.16,positive
DHI,Thu Mar 31 13:49:26 +0000 2022,1.51E+18,0.275,positive
DHI,Tue Mar 29 22:26:10 +0000 2022,1.51E+18,0.2,positive
DHR,Thu Mar 31 21:09:05 +0000 2022,1.51E+18,1,positive
DHR,Wed Mar 30 19:07:31 +0000 2022,1.51E+18,0.275,positive
DE,Thu Mar 31 19:07:06 +0000 2022,1.51E+18,0,neutral
DAL,Thu Mar 31 13:30:02 +0000 2022,1.51E+18,0.275,positive
DAL,Wed Mar 30 18:41:22 +0000 2022,1.51E+18,0,neutral
DAL,Wed Mar 30 14:05:14 +0000 2022,1.51E+18,0,neutral
DAL,Wed Mar 30 14:05:14 +0000 2022,1.51E+18,0,neutral
DVN,Thu Mar 31 21:28:14 +0000 2022,1.51E+18,0,neutral
DVN,Thu Mar 31 16:45:00 +0000 2022,1.51E+18,0,neutral
DVN,Wed Mar 30 13:30:01 +0000 2022,1.51E+18,0.275,positive
DXCM,Thu Mar 31 20:27:58 +0000 2022,1.51E+18,0.25,positive
DXCM,Wed Mar 30 21:52:31 +0000 2022,1.51E+18,0,neutral
FANG,Thu Mar 31 17:16:16 +0000 2022,1.51E+18,0,neutral
FANG,Thu Mar 31 17:16:16 +0000 2022,1.51E+18,0,neutral
FANG,Thu Mar 31 10:46:40 +0000 2022,1.51E+18,0.16,positive
FANG,Wed Mar 30 15:37:30 +0000 2022,1.51E+18,0,neutral
FANG,Wed Mar 30 15:37:30 +0000 2022,1.51E+18,0,neutral
FANG,Wed Mar 30 14:53:59 +0000 2022,1.51E+18,0,neutral
FANG,Wed Mar 30 14:53:59 +0000 2022,1.51E+18,0,neutral
FANG,Wed Mar 30 14:53:59 +0000 2022,1.51E+18,0,neutral
DLR,Wed Mar 30 20:57:51 +0000 2022,1.51E+18,0,neutral
DLR,Wed Mar 30 18:10:31 +0000 2022,1.51E+18,0,neutral
DLR,Wed Mar 30 18:10:31 +0000 2022,1.51E+18,0,neutral
DFS,Wed Mar 30 10:06:10 +0000 2022,1.51E+18,0.3,positive
DFS,Tue Mar 29 22:30:01 +0000 2022,1.51E+18,0.275,positive
DISCA,Thu Mar 31 17:16:16 +0000 2022,1.51E+18,0,neutral
DISCA,Thu Mar 31 13:56:11 +0000 2022,1.51E+18,0.275,positive
DISH,Thu Mar 31 19:28:14 +0000 2022,1.51E+18,0.5,positive
DISH,Wed Mar 30 17:57:24 +0000 2022,1.51E+18,0,neutral
DIS,Thu Mar 31 21:12:07 +0000 2022,1.51E+18,1,positive
DIS,Thu Mar 31 17:05:54 +0000 2022,1.51E+18,0,neutral
DIS,Thu Mar 31 15:51:08 +0000 2022,1.51E+18,1,positive
DIS,Thu Mar 31 13:30:43 +0000 2022,1.51E+18,0.275,positive
DIS,Thu Mar 31 12:15:40 +0000 2022,1.51E+18,0.1,positive
DIS,Wed Mar 30 13:37:14 +0000 2022,1.51E+18,0.333333333,positive
DIS,Wed Mar 30 12:15:16 +0000 2022,1.51E+18,-0.1,negative
DIS,Wed Mar 30 11:31:48 +0000 2022,1.51E+18,0,neutral
DIS,Wed Mar 30 11:30:40 +0000 2022,1.51E+18,0,neutral
DIS,Wed Mar 30 11:08:25 +0000 2022,1.51E+18,0.2,positive
D,Thu Mar 31 17:16:16 +0000 2022,1.51E+18,0,neutral
D,Wed Mar 30 12:30:00 +0000 2022,1.51E+18,0.175324675,positive
DOV,Wed Mar 30 20:25:28 +0000 2022,1.51E+18,0.207142857,positive
DOV,Wed Mar 30 14:28:43 +0000 2022,1.51E+18,0,neutral
DOW,Thu Mar 31 21:15:16 +0000 2022,1.51E+18,1,positive
DUK,Thu Mar 31 20:27:56 +0000 2022,1.51E+18,0.1,positive
DUK,Thu Mar 31 16:54:29 +0000 2022,1.51E+18,-0.25,negative
DUK,Thu Mar 31 15:57:05 +0000 2022,1.51E+18,1,positive
DUK,Thu Mar 31 00:03:05 +0000 2022,1.51E+18,1,positive
DUK,Wed Mar 30 18:57:50 +0000 2022,1.51E+18,0.5,positive
DUK,Wed Mar 30 12:30:00 +0000 2022,1.51E+18,0.175324675,positive
DRE,Thu Mar 31 02:22:30 +0000 2022,1.51E+18,0.16,positive
DRE,Wed Mar 30 20:28:52 +0000 2022,1.51E+18,0.25,positive
DRE,Wed Mar 30 18:01:34 +0000 2022,1.51E+18,0.25,positive
DD,Thu Mar 31 21:06:07 +0000 2022,1.51E+18,1,positive
DD,Thu Mar 31 15:45:17 +0000 2022,1.51E+18,1,positive
DD,Wed Mar 30 23:48:07 +0000 2022,1.51E+18,1,positive
DD,Wed Mar 30 18:30:24 +0000 2022,1.51E+18,1,positive
DXC,Thu Mar 31 10:38:15 +0000 2022,1.51E+18,0,neutral
DXC,Thu Mar 31 07:02:37 +0000 2022,1.51E+18,0,neutral
DXC,Wed Mar 30 12:43:34 +0000 2022,1.51E+18,0.106666667,positive
ETN,Wed Mar 30 06:41:24 +0000 2022,1.51E+18,0.166666667,positive
ECL,Thu Mar 31 18:10:45 +0000 2022,1.51E+18,0,neutral
ECL,Thu Mar 31 13:56:12 +0000 2022,1.51E+18,0.275,positive
EIX,Wed Mar 30 20:06:22 +0000 2022,1.51E+18,0,neutral
EIX,Wed Mar 30 11:57:07 +0000 2022,1.51E+18,0,neutral
EIX,Wed Mar 30 11:57:06 +0000 2022,1.51E+18,0,neutral
EW,Thu Mar 31 13:24:16 +0000 2022,1.51E+18,0,neutral
EMR,Thu Mar 31 21:21:05 +0000 2022,1.51E+18,1,positive
ETR,Thu Mar 31 02:55:35 +0000 2022,1.51E+18,0.16,positive
EOG,Thu Mar 31 22:25:14 +0000 2022,1.51E+18,0,neutral
EPAM,Wed Mar 30 00:52:44 +0000 2022,1.51E+18,0.16,positive
EQIX,Thu Mar 31 14:43:36 +0000 2022,1.51E+18,0,neutral
EQIX,Wed Mar 30 05:05:12 +0000 2022,1.51E+18,0,neutral
EQR,Thu Mar 31 13:56:12 +0000 2022,1.51E+18,0.275,positive
EL,Wed Mar 30 20:11:27 +0000 2022,1.51E+18,0,neutral
ETSY,Thu Mar 31 21:38:16 +0000 2022,1.51E+18,0,neutral
ETSY,Thu Mar 31 21:08:17 +0000 2022,1.51E+18,0,neutral
ETSY,Thu Mar 31 20:38:16 +0000 2022,1.51E+18,0,neutral
ETSY,Thu Mar 31 19:21:32 +0000 2022,1.51E+18,0,neutral
ETSY,Thu Mar 31 18:08:17 +0000 2022,1.51E+18,0,neutral
ETSY,Thu Mar 31 17:38:17 +0000 2022,1.51E+18,0,neutral
ETSY,Wed Mar 30 21:08:19 +0000 2022,1.51E+18,0,neutral
ETSY,Wed Mar 30 20:36:16 +0000 2022,1.51E+18,0,neutral
ETSY,Wed Mar 30 19:08:17 +0000 2022,1.51E+18,0,neutral
ETSY,Wed Mar 30 18:38:17 +0000 2022,1.51E+18,0,neutral
RE,Wed Mar 30 23:26:27 +0000 2022,1.51E+18,0,neutral
ES,Thu Mar 31 20:12:43 +0000 2022,1.51E+18,0,neutral
ES,Thu Mar 31 13:30:56 +0000 2022,1.51E+18,0.015555556,positive
ES,Thu Mar 31 12:56:27 +0000 2022,1.51E+18,-0.0125,negative
ES,Thu Mar 31 12:43:27 +0000 2022,1.51E+18,0.170454545,positive
ES,Wed Mar 30 20:04:01 +0000 2022,1.51E+18,0.1,positive
ES,Wed Mar 30 16:04:00 +0000 2022,1.51E+18,0.1,positive
ES,Wed Mar 30 13:41:53 +0000 2022,1.51E+18,-0.015,negative
ES,Wed Mar 30 12:39:32 +0000 2022,1.51E+18,0.170454545,positive
ES,Wed Mar 30 12:22:59 +0000 2022,1.51E+18,0.8,positive
ES,Wed Mar 30 11:04:01 +0000 2022,1.51E+18,0.1,positive
EXC,Thu Mar 31 21:24:07 +0000 2022,1.51E+18,1,positive
EXC,Thu Mar 31 16:54:12 +0000 2022,1.51E+18,0.45,positive
EXC,Thu Mar 31 16:06:07 +0000 2022,1.51E+18,1,positive
EXPE,Thu Mar 31 20:05:47 +0000 2022,1.51E+18,0.25,positive
EXPE,Thu Mar 31 15:23:37 +0000 2022,1.51E+18,0,neutral
EXPE,Thu Mar 31 06:00:52 +0000 2022,1.51E+18,-0.140740741,negative
EXPE,Wed Mar 30 22:12:27 +0000 2022,1.51E+18,0,neutral
EXPE,Wed Mar 30 22:11:29 +0000 2022,1.51E+18,0,neutral
EXPE,Tue Mar 29 23:55:46 +0000 2022,1.51E+18,0,neutral
EXR,Wed Mar 30 22:30:06 +0000 2022,1.51E+18,0.275,positive
XOM,Thu Mar 31 23:00:02 +0000 2022,1.51E+18,0,neutral
XOM,Thu Mar 31 17:34:02 +0000 2022,1.51E+18,0,neutral
XOM,Wed Mar 30 22:09:05 +0000 2022,1.51E+18,1,positive
XOM,Wed Mar 30 16:48:07 +0000 2022,1.51E+18,1,positive
XOM,Wed Mar 30 14:16:22 +0000 2022,1.51E+18,0,neutral
XOM,Wed Mar 30 14:05:36 +0000 2022,1.51E+18,0,neutral
FRT,Thu Mar 31 22:55:16 +0000 2022,1.51E+18,0,neutral
FDX,Thu Mar 31 21:33:05 +0000 2022,1.51E+18,1,positive
FDX,Thu Mar 31 00:18:07 +0000 2022,1.51E+18,1,positive
FDX,Wed Mar 30 22:30:02 +0000 2022,1.51E+18,0.275,positive
FDX,Wed Mar 30 21:51:28 +0000 2022,1.51E+18,0,neutral
FDX,Wed Mar 30 18:57:06 +0000 2022,1.51E+18,1,positive
FDX,Wed Mar 30 13:47:20 +0000 2022,1.51E+18,0,neutral
FDX,Wed Mar 30 13:39:06 +0000 2022,1.51E+18,1,positive
FDX,Wed Mar 30 12:06:07 +0000 2022,1.51E+18,0.4,positive
FRC,Thu Mar 31 19:07:40 +0000 2022,1.51E+18,0.25,positive
FE,Wed Mar 30 20:34:21 +0000 2022,1.51E+18,0,neutral
FIS,Thu Mar 31 15:11:35 +0000 2022,1.51E+18,0,neutral
FIS,Thu Mar 31 13:56:12 +0000 2022,1.51E+18,0.275,positive
FIS,Wed Mar 30 19:26:37 +0000 2022,1.51E+18,0.275,positive
FIS,Wed Mar 30 14:34:05 +0000 2022,1.51E+18,0.106666667,positive
FISV,Thu Mar 31 17:16:16 +0000 2022,1.51E+18,0,neutral
FISV,Thu Mar 31 17:16:16 +0000 2022,1.51E+18,0,neutral
FISV,Thu Mar 31 17:16:16 +0000 2022,1.51E+18,0,neutral
FISV,Thu Mar 31 14:01:48 +0000 2022,1.51E+18,0,neutral
FISV,Thu Mar 31 13:51:27 +0000 2022,1.51E+18,0.275,positive
FLT,Thu Mar 31 02:01:11 +0000 2022,1.51E+18,-0.266666667,negative
FLT,Thu Mar 31 02:00:31 +0000 2022,1.51E+18,-0.2,negative
FMC,Wed Mar 30 21:31:12 +0000 2022,1.51E+18,0,neutral
F,Thu Mar 31 21:27:05 +0000 2022,1.51E+18,1,positive
F,Thu Mar 31 17:45:35 +0000 2022,1.51E+18,0.275,positive
F,Thu Mar 31 17:44:47 +0000 2022,1.51E+18,0,neutral
F,Thu Mar 31 17:16:16 +0000 2022,1.51E+18,0,neutral
F,Thu Mar 31 17:16:16 +0000 2022,1.51E+18,0,neutral
F,Thu Mar 31 17:16:16 +0000 2022,1.51E+18,0,neutral
F,Thu Mar 31 17:00:02 +0000 2022,1.51E+18,0.183333333,positive
F,Thu Mar 31 15:00:01 +0000 2022,1.51E+18,0.183333333,positive
F,Thu Mar 31 13:10:17 +0000 2022,1.51E+18,0,neutral
F,Thu Mar 31 02:03:15 +0000 2022,1.51E+18,0.2,positive
FTNT,Wed Mar 30 03:51:02 +0000 2022,1.51E+18,0,neutral
FBHS,Thu Mar 31 21:50:07 +0000 2022,1.51E+18,0,neutral
FBHS,Thu Mar 31 19:16:27 +0000 2022,1.51E+18,0,neutral
FBHS,Wed Mar 30 20:55:43 +0000 2022,1.51E+18,0,neutral
FOXA,Thu Mar 31 16:24:20 +0000 2022,1.51E+18,0.16,positive
FOXA,Wed Mar 30 21:51:46 +0000 2022,1.51E+18,0.1,positive
FOXA,Wed Mar 30 16:01:08 +0000 2022,1.51E+18,0.275,positive
FOXA,Tue Mar 29 23:12:52 +0000 2022,1.51E+18,0.16,positive
BEN,Thu Mar 31 16:01:51 +0000 2022,1.51E+18,0.106666667,positive
FCX,Wed Mar 30 22:06:01 +0000 2022,1.51E+18,0.25,positive
FCX,Wed Mar 30 19:34:41 +0000 2022,1.51E+18,0,neutral
FCX,Wed Mar 30 14:04:12 +0000 2022,1.51E+18,0,neutral
FCX,Wed Mar 30 14:04:12 +0000 2022,1.51E+18,0,neutral
FCX,Wed Mar 30 14:04:12 +0000 2022,1.51E+18,0,neutral
FCX,Wed Mar 30 13:00:02 +0000 2022,1.51E+18,0,neutral
GRMN,Thu Mar 31 13:02:10 +0000 2022,1.51E+18,0.106666667,positive
GRMN,Wed Mar 30 11:01:48 +0000 2022,1.51E+18,0.25,positive
GE,Thu Mar 31 21:39:05 +0000 2022,1.51E+18,1,positive
GE,Thu Mar 31 16:21:07 +0000 2022,1.51E+18,1,positive
GE,Thu Mar 31 16:04:33 +0000 2022,1.51E+18,0,neutral
GE,Thu Mar 31 10:11:11 +0000 2022,1.51E+18,0,neutral
GE,Thu Mar 31 08:36:30 +0000 2022,1.51E+18,0.16,positive
GE,Wed Mar 30 19:29:50 +0000 2022,1.51E+18,0,neutral
GE,Wed Mar 30 19:26:55 +0000 2022,1.51E+18,0.16,positive
GE,Wed Mar 30 13:05:18 +0000 2022,1.51E+18,0,neutral
GE,Wed Mar 30 12:06:14 +0000 2022,1.51E+18,-0.025,negative
GE,Wed Mar 30 04:05:18 +0000 2022,1.51E+18,0,neutral
GD,Thu Mar 31 21:36:07 +0000 2022,1.51E+18,1,positive
GD,Thu Mar 31 00:21:05 +0000 2022,1.51E+18,1,positive
GIS,Thu Mar 31 14:06:52 +0000 2022,1.51E+18,0.106666667,positive
GILD,Thu Mar 31 13:56:13 +0000 2022,1.51E+18,0.275,positive
GILD,Thu Mar 31 00:27:05 +0000 2022,1.51E+18,1,positive
GILD,Wed Mar 30 19:09:07 +0000 2022,1.51E+18,1,positive
GILD,Wed Mar 30 13:38:17 +0000 2022,1.51E+18,0.275,positive
GILD,Tue Mar 29 22:41:57 +0000 2022,1.51E+18,0.106666667,positive
GM,Thu Mar 31 21:45:16 +0000 2022,1.51E+18,1,positive
GM,Thu Mar 31 20:08:57 +0000 2022,1.51E+18,0,neutral
GM,Thu Mar 31 17:16:16 +0000 2022,1.51E+18,0,neutral
GM,Thu Mar 31 17:16:16 +0000 2022,1.51E+18,0,neutral
GM,Thu Mar 31 16:27:06 +0000 2022,1.51E+18,1,positive
GM,Thu Mar 31 02:20:18 +0000 2022,1.51E+18,-0.05,negative
GM,Thu Mar 31 00:30:30 +0000 2022,1.51E+18,1,positive
GM,Wed Mar 30 19:55:37 +0000 2022,1.51E+18,0.016071429,positive
GM,Wed Mar 30 19:36:22 +0000 2022,1.51E+18,0.275,positive
GM,Wed Mar 30 19:35:37 +0000 2022,1.51E+18,0,neutral
GS,Thu Mar 31 22:30:02 +0000 2022,1.51E+18,0.275,positive
GS,Thu Mar 31 21:54:07 +0000 2022,1.51E+18,1,positive
GS,Thu Mar 31 00:39:05 +0000 2022,1.51E+18,1,positive
GS,Wed Mar 30 19:21:05 +0000 2022,1.51E+18,1,positive
HAL,Thu Mar 31 22:06:54 +0000 2022,1.51E+18,0,neutral
HAL,Wed Mar 30 13:30:01 +0000 2022,1.51E+18,0.275,positive
HAS,Thu Mar 31 14:31:51 +0000 2022,1.51E+18,0,neutral
HAS,Thu Mar 31 13:30:47 +0000 2022,1.51E+18,0,neutral
HCA,Thu Mar 31 12:56:39 +0000 2022,1.51E+18,0,neutral
PEAK,Thu Mar 31 17:16:16 +0000 2022,1.51E+18,0,neutral
PEAK,Thu Mar 31 17:16:16 +0000 2022,1.51E+18,0,neutral
PEAK,Thu Mar 31 17:16:16 +0000 2022,1.51E+18,0,neutral
PEAK,Thu Mar 31 17:16:15 +0000 2022,1.51E+18,0,neutral
PEAK,Wed Mar 30 21:02:00 +0000 2022,1.51E+18,-0.625,negative
HES,Thu Mar 31 21:32:49 +0000 2022,1.51E+18,0,neutral
HES,Wed Mar 30 20:13:58 +0000 2022,1.51E+18,0.16,positive
HLT,Wed Mar 30 14:32:10 +0000 2022,1.51E+18,0,neutral
HOLX,Thu Mar 31 22:21:48 +0000 2022,1.51E+18,0.16,positive
HOLX,Wed Mar 30 17:17:19 +0000 2022,1.51E+18,0.275,positive
HD,Thu Mar 31 21:57:06 +0000 2022,1.51E+18,1,positive
HD,Thu Mar 31 18:30:26 +0000 2022,1.51E+18,0.04,positive
HD,Thu Mar 31 17:16:16 +0000 2022,1.51E+18,0,neutral
HD,Thu Mar 31 17:16:16 +0000 2022,1.51E+18,0,neutral
HD,Thu Mar 31 16:39:06 +0000 2022,1.51E+18,1,positive
HD,Thu Mar 31 12:43:07 +0000 2022,1.51E+18,-0.1,negative
HD,Thu Mar 31 00:42:07 +0000 2022,1.51E+18,1,positive
HD,Wed Mar 30 19:24:08 +0000 2022,1.51E+18,1,positive
HD,Wed Mar 30 17:25:48 +0000 2022,1.51E+18,0,neutral
HD,Wed Mar 30 17:25:48 +0000 2022,1.51E+18,0,neutral
HON,Thu Mar 31 22:03:06 +0000 2022,1.51E+18,1,positive
HON,Thu Mar 31 14:03:26 +0000 2022,1.51E+18,0,neutral
HRL,Wed Mar 30 22:30:06 +0000 2022,1.51E+18,0.275,positive
HST,Wed Mar 30 21:07:25 +0000 2022,1.51E+18,0,neutral
HST,Wed Mar 30 14:29:05 +0000 2022,1.51E+18,-0.05,negative
HST,Wed Mar 30 14:12:46 +0000 2022,1.51E+18,0,neutral
HPQ,Thu Mar 31 22:41:31 +0000 2022,1.51E+18,0,neutral
HPQ,Thu Mar 31 22:33:22 +0000 2022,1.51E+18,0,neutral
HPQ,Thu Mar 31 20:38:16 +0000 2022,1.51E+18,0,neutral
HPQ,Thu Mar 31 20:08:17 +0000 2022,1.51E+18,0,neutral
HPQ,Thu Mar 31 18:36:15 +0000 2022,1.51E+18,0,neutral
HPQ,Thu Mar 31 15:50:25 +0000 2022,1.51E+18,0,neutral
HPQ,Thu Mar 31 14:11:48 +0000 2022,1.51E+18,0.275,positive
HPQ,Thu Mar 31 14:02:51 +0000 2022,1.51E+18,0.275,positive
HPQ,Wed Mar 30 13:44:26 +0000 2022,1.51E+18,0.275,positive
HPQ,Wed Mar 30 13:31:46 +0000 2022,1.51E+18,0.275,positive
HUM,Thu Mar 31 18:51:20 +0000 2022,1.51E+18,0.016071429,positive
HII,Thu Mar 31 15:47:10 +0000 2022,1.51E+18,0.4,positive
HII,Wed Mar 30 20:47:32 +0000 2022,1.51E+18,-0.125,negative
HBAN,Thu Mar 31 03:16:03 +0000 2022,1.51E+18,0,neutral
IEX,Wed Mar 30 20:34:05 +0000 2022,1.51E+18,0,neutral
INCY,Wed Mar 30 18:00:10 +0000 2022,1.51E+18,0.106666667,positive
INTC,Thu Mar 31 22:09:05 +0000 2022,1.51E+18,1,positive
INTC,Thu Mar 31 19:19:25 +0000 2022,1.51E+18,0,neutral
INTC,Thu Mar 31 18:11:40 +0000 2022,1.51E+18,0.275,positive
INTC,Thu Mar 31 17:16:16 +0000 2022,1.51E+18,0,neutral
INTC,Thu Mar 31 16:48:08 +0000 2022,1.51E+18,1,positive
INTC,Thu Mar 31 12:31:26 +0000 2022,1.51E+18,0,neutral
INTC,Thu Mar 31 02:03:15 +0000 2022,1.51E+18,0.2,positive
INTC,Thu Mar 31 00:51:05 +0000 2022,1.51E+18,1,positive
INTC,Wed Mar 30 19:33:06 +0000 2022,1.51E+18,1,positive
INTC,Wed Mar 30 17:59:37 +0000 2022,1.51E+18,0,neutral
ICE,Wed Mar 30 16:46:05 +0000 2022,1.51E+18,0,neutral
IBM,Thu Mar 31 22:30:02 +0000 2022,1.51E+18,0.275,positive
IBM,Thu Mar 31 22:06:07 +0000 2022,1.51E+18,1,positive
IBM,Thu Mar 31 19:15:02 +0000 2022,1.51E+18,0,neutral
IBM,Thu Mar 31 17:16:16 +0000 2022,1.51E+18,0,neutral
IBM,Thu Mar 31 17:16:16 +0000 2022,1.51E+18,0,neutral
IBM,Wed Mar 30 23:20:07 +0000 2022,1.51E+18,0,neutral
IP,Thu Mar 31 08:04:06 +0000 2022,1.51E+18,0,neutral
IP,Thu Mar 31 03:23:51 +0000 2022,1.51E+18,0.106666667,positive
IP,Wed Mar 30 13:01:35 +0000 2022,1.51E+18,0,neutral
IPG,Wed Mar 30 18:46:47 +0000 2022,1.51E+18,0.16,positive
IPG,Wed Mar 30 16:36:21 +0000 2022,1.51E+18,0,neutral
INTU,Thu Mar 31 19:30:06 +0000 2022,1.51E+18,0.275,positive
IVZ,Thu Mar 31 21:28:45 +0000 2022,1.51E+18,0,neutral
IVZ,Thu Mar 31 18:54:13 +0000 2022,1.51E+18,0,neutral
IPGP,Thu Mar 31 15:40:16 +0000 2022,1.51E+18,0.16,positive
IRM,Wed Mar 30 15:15:41 +0000 2022,1.51E+18,0.275,positive
JBHT,Thu Mar 31 23:04:56 +0000 2022,1.51E+18,0,neutral
J,Thu Mar 31 19:43:05 +0000 2022,1.51E+18,0.16,positive
J,Wed Mar 30 11:52:07 +0000 2022,1.51E+18,0,neutral
JNJ,Thu Mar 31 22:12:07 +0000 2022,1.51E+18,1,positive
JNJ,Thu Mar 31 20:07:25 +0000 2022,1.51E+18,0,neutral
JNJ,Thu Mar 31 13:56:13 +0000 2022,1.51E+18,0.275,positive
JNJ,Thu Mar 31 00:54:07 +0000 2022,1.51E+18,1,positive
JNJ,Wed Mar 30 15:21:06 +0000 2022,1.51E+18,0.3,positive
JNJ,Wed Mar 30 14:46:11 +0000 2022,1.51E+18,0,neutral
JCI,Wed Mar 30 14:34:33 +0000 2022,1.51E+18,0,neutral
JPM,Thu Mar 31 22:15:18 +0000 2022,1.51E+18,1,positive
JPM,Thu Mar 31 22:00:55 +0000 2022,1.51E+18,-0.140740741,negative
JPM,Thu Mar 31 19:08:43 +0000 2022,1.51E+18,0.275,positive
JPM,Thu Mar 31 18:49:24 +0000 2022,1.51E+18,0.55,positive
JPM,Thu Mar 31 17:50:44 +0000 2022,1.51E+18,0.25,positive
JPM,Thu Mar 31 16:54:08 +0000 2022,1.51E+18,1,positive
JPM,Thu Mar 31 15:04:19 +0000 2022,1.51E+18,0,neutral
JPM,Thu Mar 31 13:30:02 +0000 2022,1.51E+18,0.275,positive
JPM,Thu Mar 31 13:06:11 +0000 2022,1.51E+18,0,neutral
JPM,Wed Mar 30 00:52:05 +0000 2022,1.51E+18,0,neutral
JNPR,Wed Mar 30 19:43:40 +0000 2022,1.51E+18,0.275,positive
KEY,Thu Mar 31 12:54:39 +0000 2022,1.51E+18,0,neutral
KEY,Wed Mar 30 15:43:32 +0000 2022,1.51E+18,0.08,positive
KEYS,Wed Mar 30 15:05:58 +0000 2022,1.51E+18,0,neutral
KMB,Wed Mar 30 20:51:08 +0000 2022,1.51E+18,0,neutral
KMB,Wed Mar 30 03:21:29 +0000 2022,1.51E+18,0,neutral
KIM,Wed Mar 30 21:51:20 +0000 2022,1.51E+18,0.16,positive
KIM,Wed Mar 30 20:36:53 +0000 2022,1.51E+18,0,neutral
KMI,Thu Mar 31 20:03:21 +0000 2022,1.51E+18,0.275,positive
KMI,Thu Mar 31 18:00:50 +0000 2022,1.51E+18,0.275,positive
KMI,Wed Mar 30 19:58:27 +0000 2022,1.51E+18,0,neutral
KMI,Wed Mar 30 19:58:27 +0000 2022,1.51E+18,0,neutral
KMI,Wed Mar 30 13:30:01 +0000 2022,1.51E+18,0.275,positive
KHC,Wed Mar 30 14:24:08 +0000 2022,1.51E+18,1,positive
KR,Thu Mar 31 21:05:17 +0000 2022,1.51E+18,0.25,positive
KR,Wed Mar 30 16:49:15 +0000 2022,1.51E+18,0.275,positive
KR,Tue Mar 29 23:07:38 +0000 2022,1.51E+18,0,neutral
LHX,Wed Mar 30 11:13:06 +0000 2022,1.51E+18,0,neutral
LRCX,Thu Mar 31 15:04:09 +0000 2022,1.51E+18,0.4,positive
LRCX,Thu Mar 31 03:25:01 +0000 2022,1.51E+18,0,neutral
LW,Wed Mar 30 13:47:24 +0000 2022,1.51E+18,0,neutral
LVS,Thu Mar 31 19:29:01 +0000 2022,1.51E+18,0,neutral
LEN,Thu Mar 31 21:35:52 +0000 2022,1.51E+18,0,neutral
LEN,Thu Mar 31 21:29:40 +0000 2022,1.51E+18,0.16,positive
LLY,Thu Mar 31 22:27:05 +0000 2022,1.51E+18,1,positive
LLY,Thu Mar 31 20:07:31 +0000 2022,1.51E+18,0,neutral
LLY,Thu Mar 31 16:52:53 +0000 2022,1.51E+18,0.1,positive
LLY,Wed Mar 30 14:33:06 +0000 2022,1.51E+18,1,positive
LLY,Tue Mar 29 22:36:08 +0000 2022,1.51E+18,1,positive
LNC,Thu Mar 31 14:51:24 +0000 2022,1.51E+18,0.106666667,positive
LNC,Wed Mar 30 12:20:05 +0000 2022,1.51E+18,0.16,positive
LIN,Thu Mar 31 22:24:07 +0000 2022,1.51E+18,1,positive
LIN,Thu Mar 31 17:06:08 +0000 2022,1.51E+18,1,positive
LIN,Thu Mar 31 10:40:45 +0000 2022,1.51E+18,0,neutral
LIN,Wed Mar 30 11:06:41 +0000 2022,1.51E+18,0.136363636,positive
LIN,Tue Mar 29 22:33:05 +0000 2022,1.51E+18,1,positive
LYV,Wed Mar 30 11:51:35 +0000 2022,1.51E+18,0.106666667,positive
LMT,Thu Mar 31 22:30:01 +0000 2022,1.51E+18,0.275,positive
LMT,Thu Mar 31 00:57:52 +0000 2022,1.51E+18,-0.2,negative
LMT,Wed Mar 30 19:54:08 +0000 2022,1.51E+18,1,positive
LMT,Wed Mar 30 14:36:08 +0000 2022,1.51E+18,1,positive
LMT,Wed Mar 30 01:01:10 +0000 2022,1.51E+18,-0.140740741,negative
LMT,Tue Mar 29 22:39:05 +0000 2022,1.51E+18,1,positive
L,Thu Mar 31 15:35:01 +0000 2022,1.51E+18,0.136363636,positive
L,Thu Mar 31 12:45:58 +0000 2022,1.51E+18,0,neutral
LOW,Thu Mar 31 22:33:05 +0000 2022,1.51E+18,0.5,positive
LOW,Thu Mar 31 17:15:18 +0000 2022,1.51E+18,0.5,positive
LOW,Wed Mar 30 19:57:06 +0000 2022,1.51E+18,0.5,positive
LOW,Wed Mar 30 14:39:06 +0000 2022,1.51E+18,0.5,positive
LOW,Wed Mar 30 14:36:16 +0000 2022,1.51E+18,0,neutral
LOW,Tue Mar 29 22:42:07 +0000 2022,1.51E+18,0.5,positive
LYB,Thu Mar 31 17:16:16 +0000 2022,1.51E+18,0,neutral
MTB,Wed Mar 30 10:22:55 +0000 2022,1.51E+18,0.106666667,positive
MRO,Thu Mar 31 22:26:15 +0000 2022,1.51E+18,0,neutral
MRO,Thu Mar 31 13:56:14 +0000 2022,1.51E+18,0.275,positive
MRO,Wed Mar 30 21:31:12 +0000 2022,1.51E+18,0,neutral
MRO,Wed Mar 30 20:29:46 +0000 2022,1.51E+18,0,neutral
MRO,Tue Mar 29 22:30:00 +0000 2022,1.51E+18,0.275,positive
MPC,Thu Mar 31 10:24:13 +0000 2022,1.51E+18,0,neutral
MPC,Thu Mar 31 10:20:14 +0000 2022,1.51E+18,0.1,positive
MKTX,Thu Mar 31 18:59:58 +0000 2022,1.51E+18,0.106666667,positive
MAR,Thu Mar 31 23:14:42 +0000 2022,1.51E+18,0.15,positive
MAR,Wed Mar 30 18:14:42 +0000 2022,1.51E+18,-0.066666667,negative
MMC,Thu Mar 31 12:11:42 +0000 2022,1.51E+18,0,neutral
MMC,Thu Mar 31 12:11:21 +0000 2022,1.51E+18,0,neutral
MMC,Thu Mar 31 11:07:04 +0000 2022,1.51E+18,0,neutral
MAS,Thu Mar 31 22:52:12 +0000 2022,1.51E+18,0,neutral
MAS,Thu Mar 31 22:30:01 +0000 2022,1.51E+18,0.275,positive
MAS,Wed Mar 30 20:41:28 +0000 2022,1.51E+18,0,neutral
MA,Thu Mar 31 22:36:07 +0000 2022,1.51E+18,1,positive
MA,Thu Mar 31 20:11:32 +0000 2022,1.51E+18,0.16,positive
MA,Thu Mar 31 20:04:47 +0000 2022,1.51E+18,0,neutral
MA,Thu Mar 31 16:04:29 +0000 2022,1.51E+18,0,neutral
MA,Thu Mar 31 00:22:16 +0000 2022,1.51E+18,0.1,positive
MA,Tue Mar 29 22:45:19 +0000 2022,1.51E+18,1,positive
MTCH,Thu Mar 31 01:14:04 +0000 2022,1.51E+18,0,neutral
MKC,Wed Mar 30 20:58:15 +0000 2022,1.51E+18,0,neutral
MKC,Wed Mar 30 20:56:28 +0000 2022,1.51E+18,0,neutral
MCD,Thu Mar 31 22:39:05 +0000 2022,1.51E+18,1,positive
MCD,Wed Mar 30 20:31:48 +0000 2022,1.51E+18,0,neutral
MCD,Wed Mar 30 17:45:05 +0000 2022,1.51E+18,1,positive
MCD,Tue Mar 29 22:48:07 +0000 2022,1.51E+18,1,positive
MCK,Wed Mar 30 19:12:37 +0000 2022,1.51E+18,0.275,positive
MCK,Wed Mar 30 04:00:57 +0000 2022,1.51E+18,-0.140740741,negative
MCK,Tue Mar 29 22:30:00 +0000 2022,1.51E+18,0.275,positive
MDT,Thu Mar 31 22:45:18 +0000 2022,1.51E+18,1,positive
MDT,Thu Mar 31 00:04:26 +0000 2022,1.51E+18,0,neutral
MDT,Wed Mar 30 02:30:31 +0000 2022,1.51E+18,0,neutral
MDT,Tue Mar 29 22:54:07 +0000 2022,1.51E+18,1,positive
MRK,Thu Mar 31 17:39:05 +0000 2022,1.51E+18,1,positive
MRK,Thu Mar 31 12:21:05 +0000 2022,1.51E+18,1,positive
MRK,Thu Mar 31 07:03:05 +0000 2022,1.51E+18,1,positive
MRK,Thu Mar 31 01:42:08 +0000 2022,1.51E+18,1,positive
MRK,Wed Mar 30 20:24:08 +0000 2022,1.51E+18,1,positive
MRK,Wed Mar 30 15:06:08 +0000 2022,1.51E+18,1,positive
MRK,Wed Mar 30 10:06:04 +0000 2022,1.51E+18,0,neutral
FB,Thu Mar 31 23:04:50 +0000 2022,1.51E+18,0.2,positive
FB,Thu Mar 31 21:30:27 +0000 2022,1.51E+18,1,positive
FB,Thu Mar 31 20:05:18 +0000 2022,1.51E+18,0.275,positive
FB,Thu Mar 31 18:16:08 +0000 2022,1.51E+18,0.275,positive
FB,Thu Mar 31 16:12:08 +0000 2022,1.51E+18,1,positive
FB,Thu Mar 31 15:59:59 +0000 2022,1.51E+18,0,neutral
FB,Thu Mar 31 15:28:32 +0000 2022,1.51E+18,0.2,positive
FB,Thu Mar 31 13:07:49 +0000 2022,1.51E+18,0,neutral
FB,Thu Mar 31 09:46:36 +0000 2022,1.51E+18,0.1,positive
FB,Thu Mar 31 05:03:57 +0000 2022,1.51E+18,0.2,positive
MET,Thu Mar 31 22:48:08 +0000 2022,1.51E+18,1,positive
MET,Thu Mar 31 22:30:01 +0000 2022,1.51E+18,0.275,positive
MET,Thu Mar 31 19:06:57 +0000 2022,1.51E+18,0.275,positive
MGM,Thu Mar 31 18:10:35 +0000 2022,1.51E+18,0,neutral
MGM,Wed Mar 30 10:59:24 +0000 2022,1.51E+18,0,neutral
MGM,Wed Mar 30 03:20:24 +0000 2022,1.51E+18,0,neutral
MU,Thu Mar 31 21:04:36 +0000 2022,1.51E+18,0,neutral
MU,Thu Mar 31 17:16:48 +0000 2022,1.51E+18,0.275,positive
MU,Thu Mar 31 17:16:16 +0000 2022,1.51E+18,0,neutral
MU,Thu Mar 31 15:00:01 +0000 2022,1.51E+18,0.183333333,positive
MU,Thu Mar 31 14:51:23 +0000 2022,1.51E+18,0.106666667,positive
MU,Thu Mar 31 05:05:24 +0000 2022,1.51E+18,0.2,positive
MU,Thu Mar 31 02:03:15 +0000 2022,1.51E+18,0.2,positive
MU,Wed Mar 30 21:12:00 +0000 2022,1.51E+18,0,neutral
MU,Wed Mar 30 21:00:14 +0000 2022,1.51E+18,0.183333333,positive
MU,Wed Mar 30 20:36:22 +0000 2022,1.51E+18,0,neutral
MSFT,Thu Mar 31 23:06:07 +0000 2022,1.51E+18,1,positive
MSFT,Thu Mar 31 20:05:55 +0000 2022,1.51E+18,0.275,positive
MSFT,Thu Mar 31 19:58:17 +0000 2022,1.51E+18,0.275,positive
MSFT,Thu Mar 31 17:45:20 +0000 2022,1.51E+18,1,positive
MSFT,Thu Mar 31 16:04:59 +0000 2022,1.51E+18,0,neutral
MSFT,Thu Mar 31 12:56:50 +0000 2022,1.51E+18,0.7,positive
MSFT,Thu Mar 31 00:51:27 +0000 2022,1.51E+18,0,neutral
MSFT,Wed Mar 30 21:01:25 +0000 2022,1.51E+18,0.16,positive
MSFT,Wed Mar 30 18:17:14 +0000 2022,1.51E+18,0.8,positive
MSFT,Wed Mar 30 15:37:00 +0000 2022,1.51E+18,0,neutral
MRNA,Thu Mar 31 18:05:01 +0000 2022,1.51E+18,0.275,positive
MRNA,Thu Mar 31 13:03:02 +0000 2022,1.51E+18,0.068181818,positive
MRNA,Thu Mar 31 05:04:54 +0000 2022,1.51E+18,0.2,positive
MRNA,Wed Mar 30 13:30:02 +0000 2022,1.51E+18,0,neutral
MRNA,Wed Mar 30 11:11:12 +0000 2022,1.51E+18,0.2,positive
MHK,Thu Mar 31 22:38:58 +0000 2022,1.51E+18,0,neutral
MHK,Wed Mar 30 20:50:37 +0000 2022,1.51E+18,0,neutral
MHK,Wed Mar 30 20:02:17 +0000 2022,1.51E+18,0,neutral
MOH,Thu Mar 31 03:20:45 +0000 2022,1.51E+18,0.3,positive
MDLZ,Tue Mar 29 22:51:05 +0000 2022,1.51E+18,1,positive
MNST,Wed Mar 30 20:32:01 +0000 2022,1.51E+18,0,neutral
MNST,Wed Mar 30 20:06:52 +0000 2022,1.51E+18,0,neutral
MNST,Wed Mar 30 11:57:11 +0000 2022,1.51E+18,0,neutral
MS,Thu Mar 31 23:03:05 +0000 2022,1.51E+18,1,positive
MS,Thu Mar 31 22:30:02 +0000 2022,1.51E+18,0.275,positive
MS,Thu Mar 31 17:42:08 +0000 2022,1.51E+18,1,positive
MS,Thu Mar 31 17:30:37 +0000 2022,1.51E+18,0.275,positive
MS,Thu Mar 31 17:16:16 +0000 2022,1.51E+18,0,neutral
MS,Thu Mar 31 17:16:16 +0000 2022,1.51E+18,0,neutral
MS,Wed Mar 30 20:27:05 +0000 2022,1.51E+18,1,positive
MS,Wed Mar 30 16:33:32 +0000 2022,1.51E+18,0,neutral
MS,Wed Mar 30 16:33:32 +0000 2022,1.51E+18,0,neutral
MS,Wed Mar 30 13:05:14 +0000 2022,1.51E+18,0,neutral
MOS,Thu Mar 31 17:22:05 +0000 2022,1.51E+18,0,neutral
MOS,Thu Mar 31 13:33:20 +0000 2022,1.51E+18,0.275,positive
MOS,Wed Mar 30 16:02:57 +0000 2022,1.51E+18,0,neutral
NDAQ,Thu Mar 31 20:29:12 +0000 2022,1.51E+18,0,neutral
NDAQ,Wed Mar 30 11:01:02 +0000 2022,1.51E+18,-0.140740741,negative
NTAP,Thu Mar 31 16:01:50 +0000 2022,1.51E+18,0.16,positive
NFLX,Thu Mar 31 23:12:07 +0000 2022,1.51E+18,1,positive
NFLX,Wed Mar 30 20:36:07 +0000 2022,1.51E+18,1,positive
NFLX,Wed Mar 30 11:04:22 +0000 2022,1.51E+18,0.2,positive
NFLX,Wed Mar 30 03:55:02 +0000 2022,1.51E+18,0.066666667,positive
NFLX,Tue Mar 29 23:21:05 +0000 2022,1.51E+18,1,positive
NWL,Wed Mar 30 21:33:22 +0000 2022,1.51E+18,0,neutral
NEM,Thu Mar 31 14:20:58 +0000 2022,1.51E+18,0.275,positive
NEM,Wed Mar 30 22:14:30 +0000 2022,1.51E+18,0.16,positive
NEM,Wed Mar 30 15:55:14 +0000 2022,1.51E+18,0,neutral
NEM,Wed Mar 30 11:35:42 +0000 2022,1.51E+18,0,neutral
NEE,Thu Mar 31 23:09:06 +0000 2022,1.51E+18,1,positive
NEE,Thu Mar 31 13:56:14 +0000 2022,1.51E+18,0.275,positive
NEE,Wed Mar 30 20:33:05 +0000 2022,1.51E+18,1,positive
NEE,Wed Mar 30 15:15:18 +0000 2022,1.51E+18,1,positive
NLSN,Thu Mar 31 19:56:04 +0000 2022,1.51E+18,0.275,positive
NLSN,Thu Mar 31 17:55:12 +0000 2022,1.51E+18,0.275,positive
NLSN,Thu Mar 31 17:40:28 +0000 2022,1.51E+18,0.275,positive
NLSN,Thu Mar 31 17:16:16 +0000 2022,1.51E+18,0,neutral
NLSN,Thu Mar 31 17:16:15 +0000 2022,1.51E+18,0,neutral
NLSN,Thu Mar 31 14:10:43 +0000 2022,1.51E+18,0.275,positive
NLSN,Thu Mar 31 13:56:50 +0000 2022,1.51E+18,0.275,positive
NLSN,Thu Mar 31 13:31:52 +0000 2022,1.51E+18,0.275,positive
NLSN,Wed Mar 30 20:22:38 +0000 2022,1.51E+18,0,neutral
NLSN,Wed Mar 30 19:37:48 +0000 2022,1.51E+18,0.275,positive
NKE,Thu Mar 31 23:15:17 +0000 2022,1.51E+18,1,positive
NKE,Thu Mar 31 17:54:07 +0000 2022,1.51E+18,1,positive
NKE,Thu Mar 31 14:01:03 +0000 2022,1.51E+18,0,neutral
NKE,Wed Mar 30 10:04:04 +0000 2022,1.51E+18,0,neutral
NKE,Wed Mar 30 03:45:03 +0000 2022,1.51E+18,0,neutral
NKE,Tue Mar 29 23:24:08 +0000 2022,1.51E+18,1,positive
NTRS,Thu Mar 31 13:06:05 +0000 2022,1.51E+18,0.25,positive
NTRS,Thu Mar 31 08:55:33 +0000 2022,1.51E+18,0.1,positive
NTRS,Wed Mar 30 20:15:31 +0000 2022,1.51E+18,0,neutral
NOC,Wed Mar 30 20:58:26 +0000 2022,1.51E+18,0,neutral
NLOK,Thu Mar 31 00:55:30 +0000 2022,1.51E+18,0.16,positive
NCLH,Thu Mar 31 13:02:38 +0000 2022,1.51E+18,0,neutral
NCLH,Wed Mar 30 20:34:24 +0000 2022,1.51E+18,0.136363636,positive
NCLH,Wed Mar 30 15:34:47 +0000 2022,1.51E+18,0.275,positive
NRG,Thu Mar 31 17:16:16 +0000 2022,1.51E+18,0,neutral
NVDA,Thu Mar 31 23:18:08 +0000 2022,1.51E+18,1,positive
NVDA,Thu Mar 31 23:08:08 +0000 2022,1.51E+18,0.2,positive
NVDA,Thu Mar 31 23:07:59 +0000 2022,1.51E+18,0.2,positive
NVDA,Thu Mar 31 19:59:50 +0000 2022,1.51E+18,0.4,positive
NVDA,Thu Mar 31 19:27:24 +0000 2022,1.51E+18,0,neutral
NVDA,Thu Mar 31 17:16:16 +0000 2022,1.51E+18,0,neutral
NVDA,Thu Mar 31 17:00:02 +0000 2022,1.51E+18,0.183333333,positive
NVDA,Thu Mar 31 15:00:01 +0000 2022,1.51E+18,0.183333333,positive
NVDA,Thu Mar 31 12:56:50 +0000 2022,1.51E+18,0.7,positive
NVDA,Thu Mar 31 08:06:27 +0000 2022,1.51E+18,0.2,positive
ORLY,Thu Mar 31 15:56:29 +0000 2022,1.51E+18,0,neutral
OXY,Thu Mar 31 22:49:09 +0000 2022,1.51E+18,0,neutral
OXY,Thu Mar 31 20:00:35 +0000 2022,1.51E+18,0,neutral
OXY,Thu Mar 31 20:00:33 +0000 2022,1.51E+18,0,neutral
OXY,Thu Mar 31 16:00:20 +0000 2022,1.51E+18,0,neutral
OXY,Thu Mar 31 13:56:14 +0000 2022,1.51E+18,0.275,positive
OXY,Thu Mar 31 13:29:52 +0000 2022,1.51E+18,-0.1125,negative
OXY,Thu Mar 31 12:00:00 +0000 2022,1.51E+18,0.275,positive
OXY,Wed Mar 30 21:05:53 +0000 2022,1.51E+18,0,neutral
OXY,Wed Mar 30 14:19:53 +0000 2022,1.51E+18,0,neutral
OXY,Wed Mar 30 13:39:05 +0000 2022,1.51E+18,0,neutral
ODFL,Wed Mar 30 19:52:33 +0000 2022,1.51E+18,0.106666667,positive
ODFL,Wed Mar 30 16:05:16 +0000 2022,1.51E+18,0.16,positive
ODFL,Wed Mar 30 15:05:49 +0000 2022,1.51E+18,0.175,positive
ORCL,Thu Mar 31 23:21:05 +0000 2022,1.51E+18,1,positive
ORCL,Thu Mar 31 18:22:00 +0000 2022,1.51E+18,0.275,positive
ORCL,Thu Mar 31 13:32:32 +0000 2022,1.51E+18,0.275,positive
ORCL,Thu Mar 31 01:19:34 +0000 2022,1.51E+18,0.3,positive
ORCL,Thu Mar 31 00:00:01 +0000 2022,1.51E+18,0.3,positive
ORCL,Wed Mar 30 20:45:19 +0000 2022,1.51E+18,1,positive
ORCL,Wed Mar 30 20:08:56 +0000 2022,1.51E+18,0,neutral
OGN,Thu Mar 31 15:00:20 +0000 2022,1.51E+18,0.4,positive
OGN,Thu Mar 31 14:38:03 +0000 2022,1.51E+18,0.3,positive
OGN,Thu Mar 31 01:10:46 +0000 2022,1.51E+18,0,neutral
OGN,Wed Mar 30 18:56:12 +0000 2022,1.51E+18,0.275,positive
OGN,Wed Mar 30 12:13:01 +0000 2022,1.51E+18,-0.15625,negative
OGN,Wed Mar 30 03:01:02 +0000 2022,1.51E+18,0.125,positive
OGN,Wed Mar 30 03:00:01 +0000 2022,1.51E+18,-0.05,negative
OGN,Tue Mar 29 23:20:17 +0000 2022,1.51E+18,0,neutral
OGN,Tue Mar 29 22:59:44 +0000 2022,1.51E+18,0.285714286,positive
OGN,Tue Mar 29 22:54:27 +0000 2022,1.51E+18,0.285714286,positive
OTIS,Thu Mar 31 10:38:14 +0000 2022,1.51E+18,0.033333333,positive
PARA,Thu Mar 31 22:14:46 +0000 2022,1.51E+18,0,neutral
PARA,Thu Mar 31 16:18:47 +0000 2022,1.51E+18,0,neutral
PAYX,Thu Mar 31 22:49:39 +0000 2022,1.51E+18,0,neutral
PAYX,Thu Mar 31 22:26:45 +0000 2022,1.51E+18,0,neutral
PAYX,Wed Mar 30 12:31:46 +0000 2022,1.51E+18,0,neutral
PAYX,Wed Mar 30 12:31:41 +0000 2022,1.51E+18,0.216666667,positive
PYPL,Thu Mar 31 23:36:06 +0000 2022,1.51E+18,1,positive
PYPL,Thu Mar 31 17:16:16 +0000 2022,1.51E+18,0,neutral
PYPL,Thu Mar 31 13:56:15 +0000 2022,1.51E+18,0.275,positive
PYPL,Thu Mar 31 13:30:00 +0000 2022,1.51E+18,0.275,positive
PYPL,Thu Mar 31 05:07:21 +0000 2022,1.51E+18,0.2,positive
PYPL,Wed Mar 30 22:01:17 +0000 2022,1.51E+18,0,neutral
PYPL,Wed Mar 30 19:50:46 +0000 2022,1.51E+18,0,neutral
PYPL,Wed Mar 30 16:36:22 +0000 2022,1.51E+18,0,neutral
PYPL,Wed Mar 30 14:19:49 +0000 2022,1.51E+18,0,neutral
PYPL,Wed Mar 30 13:30:04 +0000 2022,1.51E+18,0,neutral
PEP,Thu Mar 31 18:06:08 +0000 2022,1.51E+18,1,positive
PEP,Wed Mar 30 19:58:13 +0000 2022,1.51E+18,0,neutral
PEP,Wed Mar 30 13:08:32 +0000 2022,1.51E+18,0.16,positive
PEP,Tue Mar 29 23:33:06 +0000 2022,1.51E+18,1,positive
PFE,Thu Mar 31 17:41:14 +0000 2022,1.51E+18,0.275,positive
PFE,Thu Mar 31 17:16:16 +0000 2022,1.51E+18,0,neutral
PFE,Thu Mar 31 17:16:16 +0000 2022,1.51E+18,0,neutral
PFE,Thu Mar 31 17:16:16 +0000 2022,1.51E+18,0,neutral
PFE,Thu Mar 31 13:30:10 +0000 2022,1.51E+18,0.275,positive
PFE,Wed Mar 30 17:37:42 +0000 2022,1.51E+18,0,neutral
PFE,Wed Mar 30 17:37:42 +0000 2022,1.51E+18,0,neutral
PFE,Wed Mar 30 16:00:40 +0000 2022,1.51E+18,0.275,positive
PFE,Wed Mar 30 15:41:09 +0000 2022,1.51E+18,0.275,positive
PFE,Wed Mar 30 15:21:42 +0000 2022,1.51E+18,-0.05,negative
PM,Tue Mar 29 23:42:07 +0000 2022,1.51E+18,1,positive
PXD,Thu Mar 31 21:33:20 +0000 2022,1.51E+18,0,neutral
PNC,Thu Mar 31 18:49:24 +0000 2022,1.51E+18,0.55,positive
POOL,Thu Mar 31 21:08:17 +0000 2022,1.51E+18,0,neutral
POOL,Thu Mar 31 20:08:18 +0000 2022,1.51E+18,0,neutral
POOL,Thu Mar 31 19:36:16 +0000 2022,1.51E+18,0.2,positive
POOL,Wed Mar 30 17:55:07 +0000 2022,1.51E+18,0,neutral
PPL,Thu Mar 31 13:55:14 +0000 2022,1.51E+18,0.275,positive
PG,Thu Mar 31 20:05:50 +0000 2022,1.51E+18,0,neutral
PG,Thu Mar 31 18:05:37 +0000 2022,1.51E+18,0,neutral
PG,Wed Mar 30 20:43:30 +0000 2022,1.51E+18,0,neutral
PG,Wed Mar 30 17:46:16 +0000 2022,1.51E+18,0,neutral
PG,Wed Mar 30 15:36:08 +0000 2022,1.51E+18,1,positive
PG,Wed Mar 30 14:04:59 +0000 2022,1.51E+18,0,neutral
PG,Wed Mar 30 13:30:01 +0000 2022,1.51E+18,0.275,positive
PG,Wed Mar 30 03:27:36 +0000 2022,1.51E+18,0,neutral
PG,Tue Mar 29 23:39:05 +0000 2022,1.51E+18,1,positive
PLD,Thu Mar 31 22:15:03 +0000 2022,1.51E+18,0,neutral
PLD,Thu Mar 31 03:41:48 +0000 2022,1.51E+18,0,neutral
PEG,Thu Mar 31 21:41:28 +0000 2022,1.51E+18,0,neutral
PEG,Thu Mar 31 13:56:14 +0000 2022,1.51E+18,0.275,positive
PEG,Wed Mar 30 22:30:02 +0000 2022,1.51E+18,0.275,positive
PEG,Wed Mar 30 10:50:26 +0000 2022,1.51E+18,0.16,positive
PTC,Thu Mar 31 18:37:19 +0000 2022,1.51E+18,0.106666667,positive
PTC,Wed Mar 30 14:52:27 +0000 2022,1.51E+18,0,neutral
PSA,Wed Mar 30 14:50:53 +0000 2022,1.51E+18,0,neutral
PHM,Thu Mar 31 22:24:13 +0000 2022,1.51E+18,0,neutral
PHM,Wed Mar 30 22:30:02 +0000 2022,1.51E+18,0.275,positive
PVH,Thu Mar 31 22:57:18 +0000 2022,1.51E+18,0,neutral
PVH,Thu Mar 31 22:54:45 +0000 2022,1.51E+18,0,neutral
PVH,Thu Mar 31 22:42:01 +0000 2022,1.51E+18,0,neutral
PVH,Thu Mar 31 21:08:17 +0000 2022,1.51E+18,0,neutral
PVH,Thu Mar 31 20:38:17 +0000 2022,1.51E+18,0.2,positive
PVH,Thu Mar 31 20:08:18 +0000 2022,1.51E+18,0,neutral
PVH,Thu Mar 31 18:18:47 +0000 2022,1.51E+18,0,neutral
PVH,Thu Mar 31 17:16:16 +0000 2022,1.51E+18,0,neutral
PVH,Thu Mar 31 17:16:16 +0000 2022,1.51E+18,0,neutral
PVH,Thu Mar 31 17:16:16 +0000 2022,1.51E+18,0,neutral
PWR,Thu Mar 31 10:56:40 +0000 2022,1.51E+18,0,neutral
PWR,Wed Mar 30 01:16:07 +0000 2022,1.51E+18,0.106666667,positive
QCOM,Thu Mar 31 13:33:33 +0000 2022,1.51E+18,0.275,positive
QCOM,Thu Mar 31 13:30:03 +0000 2022,1.51E+18,0.275,positive
QCOM,Thu Mar 31 01:21:35 +0000 2022,1.51E+18,0.16,positive
QCOM,Wed Mar 30 21:06:07 +0000 2022,1.51E+18,1,positive
QCOM,Wed Mar 30 21:00:11 +0000 2022,1.51E+18,0.5,positive
QCOM,Wed Mar 30 20:08:10 +0000 2022,1.51E+18,0.1,positive
QCOM,Wed Mar 30 19:38:19 +0000 2022,1.51E+18,0,neutral
QCOM,Wed Mar 30 19:05:01 +0000 2022,1.51E+18,0,neutral
QCOM,Wed Mar 30 19:03:59 +0000 2022,1.51E+18,0,neutral
QCOM,Wed Mar 30 15:45:17 +0000 2022,1.51E+18,1,positive
DGX,Thu Mar 31 02:46:15 +0000 2022,1.51E+18,0,neutral
DGX,Wed Mar 30 12:12:26 +0000 2022,1.51E+18,0,neutral
RTX,Thu Mar 31 23:42:07 +0000 2022,1.51E+18,1,positive
RTX,Wed Mar 30 16:22:33 +0000 2022,1.51E+18,0,neutral
O,Thu Mar 31 20:27:00 +0000 2022,1.51E+18,0,neutral
REG,Thu Mar 31 22:14:33 +0000 2022,1.51E+18,0,neutral
REGN,Thu Mar 31 20:10:18 +0000 2022,1.51E+18,0.1,positive
REGN,Wed Mar 30 12:30:00 +0000 2022,1.51E+18,0.175324675,positive
RF,Thu Mar 31 13:05:29 +0000 2022,1.51E+18,0.483333333,positive
RSG,Thu Mar 31 22:30:02 +0000 2022,1.51E+18,0.275,positive
RSG,Thu Mar 31 13:39:27 +0000 2022,1.51E+18,0,neutral
RSG,Wed Mar 30 19:02:33 +0000 2022,1.51E+18,0,neutral
RHI,Thu Mar 31 18:55:59 +0000 2022,1.51E+18,0.1,positive
ROK,Thu Mar 31 10:09:57 +0000 2022,1.51E+18,0,neutral
ROK,Wed Mar 30 16:27:58 +0000 2022,1.51E+18,0.16,positive
RCL,Thu Mar 31 17:16:16 +0000 2022,1.51E+18,0,neutral
RCL,Thu Mar 31 17:16:16 +0000 2022,1.51E+18,0,neutral
RCL,Thu Mar 31 15:45:09 +0000 2022,1.51E+18,0,neutral
RCL,Wed Mar 30 20:21:15 +0000 2022,1.51E+18,0,neutral
RCL,Wed Mar 30 09:59:08 +0000 2022,1.51E+18,-0.216666667,negative
SPGI,Thu Mar 31 17:59:36 +0000 2022,1.51E+18,0.1,positive
SPGI,Wed Mar 30 23:50:55 +0000 2022,1.51E+18,0.25,positive
SPGI,Wed Mar 30 02:00:39 +0000 2022,1.51E+18,-0.084444444,negative
CRM,Wed Mar 30 23:36:06 +0000 2022,1.51E+18,1,positive
CRM,Wed Mar 30 18:18:08 +0000 2022,1.51E+18,1,positive
SLB,Thu Mar 31 22:30:02 +0000 2022,1.51E+18,0.275,positive
SLB,Thu Mar 31 22:29:18 +0000 2022,1.51E+18,0,neutral
SLB,Thu Mar 31 21:46:34 +0000 2022,1.51E+18,0,neutral
SLB,Thu Mar 31 18:30:08 +0000 2022,1.51E+18,0.275,positive
SLB,Thu Mar 31 17:43:06 +0000 2022,1.51E+18,0,neutral
SLB,Thu Mar 31 17:16:16 +0000 2022,1.51E+18,0,neutral
SLB,Thu Mar 31 17:16:16 +0000 2022,1.51E+18,0,neutral
SLB,Thu Mar 31 17:16:16 +0000 2022,1.51E+18,0,neutral
STX,Thu Mar 31 21:32:18 +0000 2022,1.51E+18,0,neutral
STX,Thu Mar 31 14:56:51 +0000 2022,1.51E+18,0,neutral
STX,Thu Mar 31 03:56:25 +0000 2022,1.51E+18,0,neutral
STX,Thu Mar 31 02:56:16 +0000 2022,1.51E+18,0,neutral
STX,Thu Mar 31 01:56:12 +0000 2022,1.51E+18,0,neutral
STX,Thu Mar 31 00:47:33 +0000 2022,1.51E+18,0,neutral
STX,Wed Mar 30 22:56:11 +0000 2022,1.51E+18,0,neutral
STX,Wed Mar 30 21:56:08 +0000 2022,1.51E+18,0,neutral
STX,Wed Mar 30 20:56:11 +0000 2022,1.51E+18,0,neutral
STX,Wed Mar 30 19:56:11 +0000 2022,1.51E+18,0,neutral
SEE,Wed Mar 30 12:01:29 +0000 2022,1.51E+18,-0.140740741,negative
SRE,Thu Mar 31 17:24:27 +0000 2022,1.51E+18,0,neutral
SRE,Thu Mar 31 10:56:52 +0000 2022,1.51E+18,0,neutral
SRE,Wed Mar 30 21:00:17 +0000 2022,1.51E+18,0,neutral
SRE,Wed Mar 30 17:29:01 +0000 2022,1.51E+18,0,neutral
SRE,Wed Mar 30 02:24:19 +0000 2022,1.51E+18,0.183333333,positive
SRE,Tue Mar 29 22:36:20 +0000 2022,1.51E+18,0,neutral
NOW,Thu Mar 31 17:06:44 +0000 2022,1.51E+18,0,neutral
NOW,Wed Mar 30 17:39:07 +0000 2022,1.51E+18,0.106666667,positive
SHW,Thu Mar 31 03:41:49 +0000 2022,1.51E+18,0,neutral
SBNY,Wed Mar 30 16:52:40 +0000 2022,1.51E+18,0.16,positive
SPG,Thu Mar 31 23:51:05 +0000 2022,1.51E+18,1,positive
SPG,Thu Mar 31 22:48:08 +0000 2022,1.51E+18,0,neutral
SPG,Thu Mar 31 13:03:19 +0000 2022,1.51E+18,0,neutral
SPG,Thu Mar 31 03:52:21 +0000 2022,1.51E+18,0.106666667,positive
SPG,Wed Mar 30 21:18:07 +0000 2022,1.51E+18,1,positive
SPG,Wed Mar 30 00:03:05 +0000 2022,1.51E+18,1,positive
SWKS,Thu Mar 31 22:45:19 +0000 2022,1.51E+18,0,neutral
SWKS,Thu Mar 31 22:30:53 +0000 2022,1.51E+18,0,neutral
SWKS,Thu Mar 31 20:23:21 +0000 2022,1.51E+18,0,neutral
SNA,Wed Mar 30 15:59:28 +0000 2022,1.51E+18,0,neutral
SEDG,Thu Mar 31 23:03:49 +0000 2022,1.51E+18,0,neutral
SEDG,Thu Mar 31 22:02:50 +0000 2022,1.51E+18,0,neutral
SEDG,Thu Mar 31 21:24:36 +0000 2022,1.51E+18,0,neutral
SEDG,Wed Mar 30 21:31:50 +0000 2022,1.51E+18,0,neutral
SEDG,Wed Mar 30 21:22:10 +0000 2022,1.51E+18,0,neutral
SEDG,Wed Mar 30 21:04:22 +0000 2022,1.51E+18,0,neutral
SEDG,Wed Mar 30 20:56:13 +0000 2022,1.51E+18,0,neutral
SO,Thu Mar 31 20:59:40 +0000 2022,1.51E+18,0,neutral
SO,Thu Mar 31 19:38:25 +0000 2022,1.51E+18,0.2,positive
SO,Thu Mar 31 18:30:30 +0000 2022,1.51E+18,1,positive
SO,Thu Mar 31 05:06:10 +0000 2022,1.51E+18,0.136363636,positive
SO,Thu Mar 31 05:00:51 +0000 2022,1.51E+18,-0.084444444,negative
SO,Wed Mar 30 12:30:00 +0000 2022,1.51E+18,0.175324675,positive
SO,Tue Mar 29 23:57:05 +0000 2022,1.51E+18,1,positive
SO,Tue Mar 29 23:31:12 +0000 2022,1.51E+18,0,neutral
LUV,Thu Mar 31 18:10:12 +0000 2022,1.51E+18,0.3125,positive
LUV,Thu Mar 31 15:37:29 +0000 2022,1.51E+18,0,neutral
LUV,Thu Mar 31 03:01:37 +0000 2022,1.51E+18,-0.140740741,negative
LUV,Wed Mar 30 19:35:40 +0000 2022,1.51E+18,0.275,positive
LUV,Wed Mar 30 18:21:40 +0000 2022,1.51E+18,0,neutral
LUV,Wed Mar 30 17:41:28 +0000 2022,1.51E+18,0,neutral
LUV,Wed Mar 30 03:27:29 +0000 2022,1.51E+18,0.106666667,positive
SWK,Wed Mar 30 23:51:44 +0000 2022,1.51E+18,0,neutral
SWK,Wed Mar 30 21:27:46 +0000 2022,1.51E+18,0,neutral
SBUX,Thu Mar 31 18:27:06 +0000 2022,1.51E+18,1,positive
SBUX,Thu Mar 31 17:16:16 +0000 2022,1.51E+18,0,neutral
SBUX,Wed Mar 30 17:18:01 +0000 2022,1.51E+18,0,neutral
SBUX,Wed Mar 30 15:51:06 +0000 2022,1.51E+18,1,positive
SBUX,Tue Mar 29 23:54:06 +0000 2022,1.51E+18,1,positive
STT,Wed Mar 30 19:00:00 +0000 2022,1.51E+18,0.5,positive
STE,Thu Mar 31 22:09:55 +0000 2022,1.51E+18,-0.075,negative
SYF,Thu Mar 31 21:51:08 +0000 2022,1.51E+18,0,neutral
SNPS,Thu Mar 31 13:10:34 +0000 2022,1.51E+18,0.4,positive
SYY,Wed Mar 30 19:45:39 +0000 2022,1.51E+18,0.275,positive
SYY,Wed Mar 30 19:06:10 +0000 2022,1.51E+18,0.275,positive
TMUS,Thu Mar 31 12:22:58 +0000 2022,1.51E+18,0.251515152,positive
TMUS,Thu Mar 31 11:13:22 +0000 2022,1.51E+18,0.106666667,positive
TMUS,Wed Mar 30 15:20:28 +0000 2022,1.51E+18,0.35,positive
TMUS,Wed Mar 30 00:15:16 +0000 2022,1.51E+18,1,positive
TTWO,Thu Mar 31 15:37:18 +0000 2022,1.51E+18,-0.2,negative
TTWO,Wed Mar 30 16:38:58 +0000 2022,1.51E+18,0,neutral
TTWO,Wed Mar 30 16:38:58 +0000 2022,1.51E+18,0,neutral
TTWO,Wed Mar 30 13:31:30 +0000 2022,1.51E+18,0.16,positive
TPR,Thu Mar 31 21:08:18 +0000 2022,1.51E+18,0,neutral
TGT,Thu Mar 31 23:57:05 +0000 2022,1.51E+18,1,positive
TGT,Thu Mar 31 20:11:32 +0000 2022,1.51E+18,0.16,positive
TGT,Thu Mar 31 18:39:06 +0000 2022,1.51E+18,1,positive
TGT,Thu Mar 31 12:34:28 +0000 2022,1.51E+18,0,neutral
TGT,Wed Mar 30 14:59:26 +0000 2022,1.51E+18,0,neutral
TGT,Wed Mar 30 14:59:26 +0000 2022,1.51E+18,0,neutral
TGT,Wed Mar 30 00:09:05 +0000 2022,1.51E+18,1,positive
TEL,Wed Mar 30 01:00:05 +0000 2022,1.51E+18,-0.2,negative
TSLA,Thu Mar 31 23:10:34 +0000 2022,1.51E+18,0.2,positive
TSLA,Thu Mar 31 19:59:50 +0000 2022,1.51E+18,0.4,positive
TSLA,Thu Mar 31 19:21:00 +0000 2022,1.51E+18,0.016071429,positive
TSLA,Thu Mar 31 18:31:20 +0000 2022,1.51E+18,0.0890625,positive
TSLA,Thu Mar 31 18:24:42 +0000 2022,1.51E+18,0.2,positive
TSLA,Thu Mar 31 18:18:52 +0000 2022,1.51E+18,0.06,positive
TSLA,Thu Mar 31 17:52:42 +0000 2022,1.51E+18,0.5,positive
TSLA,Thu Mar 31 17:00:22 +0000 2022,1.51E+18,0,neutral
TSLA,Thu Mar 31 15:20:50 +0000 2022,1.51E+18,0.133333333,positive
TSLA,Thu Mar 31 14:20:34 +0000 2022,1.51E+18,0,neutral
TXN,Thu Mar 31 18:51:06 +0000 2022,1.51E+18,1,positive
TXN,Thu Mar 31 17:16:16 +0000 2022,1.51E+18,0,neutral
TXN,Wed Mar 30 21:36:07 +0000 2022,1.51E+18,1,positive
TXN,Wed Mar 30 00:21:05 +0000 2022,1.51E+18,1,positive
TMO,Thu Mar 31 17:16:16 +0000 2022,1.51E+18,0,neutral
TMO,Wed Mar 30 10:48:08 +0000 2022,1.51E+18,1,positive
TMO,Wed Mar 30 05:30:31 +0000 2022,1.51E+18,1,positive
TMO,Wed Mar 30 00:12:08 +0000 2022,1.51E+18,1,positive
TJX,Wed Mar 30 21:03:38 +0000 2022,1.51E+18,0,neutral
TJX,Wed Mar 30 21:03:18 +0000 2022,1.51E+18,0,neutral
TJX,Wed Mar 30 21:03:12 +0000 2022,1.51E+18,0,neutral
TJX,Wed Mar 30 21:02:54 +0000 2022,1.51E+18,0,neutral
TSCO,Thu Mar 31 15:56:29 +0000 2022,1.51E+18,0,neutral
TSCO,Wed Mar 30 14:41:00 +0000 2022,1.51E+18,0,neutral
TDG,Wed Mar 30 18:24:44 +0000 2022,1.51E+18,0.106666667,positive
TDG,Wed Mar 30 09:01:07 +0000 2022,1.51E+18,-0.140740741,negative
TRMB,Thu Mar 31 10:42:05 +0000 2022,1.51E+18,0.136363636,positive
TFC,Thu Mar 31 18:49:24 +0000 2022,1.51E+18,0.55,positive
TFC,Wed Mar 30 23:56:55 +0000 2022,1.51E+18,0.106666667,positive
TWTR,Thu Mar 31 20:07:22 +0000 2022,1.51E+18,0.1,positive
TWTR,Thu Mar 31 19:37:08 +0000 2022,1.51E+18,0.2,positive
TWTR,Thu Mar 31 17:16:16 +0000 2022,1.51E+18,0,neutral
TWTR,Thu Mar 31 17:16:16 +0000 2022,1.51E+18,0,neutral
TWTR,Wed Mar 30 22:30:02 +0000 2022,1.51E+18,0.275,positive
TWTR,Wed Mar 30 21:32:07 +0000 2022,1.51E+18,0,neutral
TWTR,Wed Mar 30 11:16:12 +0000 2022,1.51E+18,0.2,positive
TWTR,Wed Mar 30 11:16:04 +0000 2022,1.51E+18,0.2,positive
TWTR,Wed Mar 30 03:00:42 +0000 2022,1.51E+18,0,neutral
TSN,Thu Mar 31 17:02:11 +0000 2022,1.51E+18,0,neutral
USB,Thu Mar 31 19:06:09 +0000 2022,1.51E+18,1,positive
USB,Thu Mar 31 18:49:24 +0000 2022,1.51E+18,0.55,positive
USB,Wed Mar 30 21:48:08 +0000 2022,1.51E+18,1,positive
USB,Wed Mar 30 16:30:25 +0000 2022,1.51E+18,1,positive
USB,Wed Mar 30 03:50:19 +0000 2022,1.51E+18,0.106666667,positive
UDR,Wed Mar 30 13:30:23 +0000 2022,1.51E+18,0.275,positive
UDR,Wed Mar 30 10:36:43 +0000 2022,1.51E+18,-0.15,negative
ULTA,Thu Mar 31 20:27:56 +0000 2022,1.51E+18,-0.2,negative
ULTA,Thu Mar 31 20:21:03 +0000 2022,1.51E+18,0,neutral
UAA,Wed Mar 30 17:16:52 +0000 2022,1.51E+18,0.16,positive
UNP,Thu Mar 31 17:07:41 +0000 2022,1.51E+18,0.106666667,positive
UNP,Wed Mar 30 12:30:00 +0000 2022,1.51E+18,0.175324675,positive
UAL,Thu Mar 31 17:16:16 +0000 2022,1.51E+18,0,neutral
UAL,Thu Mar 31 17:16:16 +0000 2022,1.51E+18,0,neutral
UAL,Thu Mar 31 17:16:15 +0000 2022,1.51E+18,0,neutral
UAL,Thu Mar 31 14:54:55 +0000 2022,1.51E+18,0,neutral
UAL,Wed Mar 30 18:57:38 +0000 2022,1.51E+18,0,neutral
UAL,Wed Mar 30 13:57:40 +0000 2022,1.51E+18,-0.1,negative
UNH,Thu Mar 31 13:36:08 +0000 2022,1.51E+18,1,positive
UNH,Wed Mar 30 21:39:05 +0000 2022,1.51E+18,1,positive
UNH,Wed Mar 30 20:44:31 +0000 2022,1.51E+18,0,neutral
UNH,Wed Mar 30 19:21:50 +0000 2022,1.51E+18,0,neutral
UNH,Wed Mar 30 18:42:53 +0000 2022,1.51E+18,0,neutral
UNH,Wed Mar 30 16:21:06 +0000 2022,1.51E+18,1,positive
UNH,Wed Mar 30 14:58:50 +0000 2022,1.51E+18,0,neutral
UPS,Thu Mar 31 19:03:06 +0000 2022,1.51E+18,1,positive
UPS,Wed Mar 30 21:45:15 +0000 2022,1.51E+18,1,positive
UPS,Wed Mar 30 16:27:06 +0000 2022,1.51E+18,1,positive
UPS,Wed Mar 30 00:30:29 +0000 2022,1.51E+18,1,positive
VTR,Thu Mar 31 18:03:00 +0000 2022,1.51E+18,0,neutral
VTR,Thu Mar 31 17:45:27 +0000 2022,1.51E+18,0,neutral
VZ,Thu Mar 31 20:20:48 +0000 2022,1.51E+18,0,neutral
VZ,Thu Mar 31 19:12:08 +0000 2022,1.51E+18,1,positive
VZ,Thu Mar 31 19:09:33 +0000 2022,1.51E+18,0.275,positive
VZ,Thu Mar 31 19:08:58 +0000 2022,1.51E+18,0,neutral
VZ,Thu Mar 31 17:16:16 +0000 2022,1.51E+18,0,neutral
VZ,Thu Mar 31 14:22:54 +0000 2022,1.51E+18,0.275,positive
VZ,Thu Mar 31 14:02:01 +0000 2022,1.51E+18,1,positive
VZ,Thu Mar 31 02:44:02 +0000 2022,1.51E+18,0.15,positive
VZ,Wed Mar 30 21:54:07 +0000 2022,1.51E+18,1,positive
VZ,Wed Mar 30 19:46:31 +0000 2022,1.51E+18,0.275,positive
VRTX,Thu Mar 31 12:05:01 +0000 2022,1.51E+18,0.491666667,positive
VTRS,Wed Mar 30 12:02:53 +0000 2022,1.51E+18,0.033333333,positive
V,Thu Mar 31 01:44:43 +0000 2022,1.51E+18,0,neutral
V,Wed Mar 30 21:51:05 +0000 2022,1.51E+18,1,positive
V,Wed Mar 30 00:36:08 +0000 2022,1.51E+18,1,positive
WMT,Thu Mar 31 13:07:49 +0000 2022,1.51E+18,0,neutral
WMT,Wed Mar 30 22:58:49 +0000 2022,1.51E+18,0.5,positive
WMT,Wed Mar 30 22:06:07 +0000 2022,1.51E+18,1,positive
WMT,Wed Mar 30 19:59:22 +0000 2022,1.51E+18,0,neutral
WMT,Wed Mar 30 16:45:20 +0000 2022,1.51E+18,1,positive
WMT,Wed Mar 30 16:18:18 +0000 2022,1.51E+18,0.144444444,positive
WMT,Wed Mar 30 16:14:47 +0000 2022,1.51E+18,0,neutral
WMT,Wed Mar 30 06:10:00 +0000 2022,1.51E+18,0.8,positive
WMT,Wed Mar 30 00:48:07 +0000 2022,1.51E+18,1,positive
WBA,Thu Mar 31 21:08:18 +0000 2022,1.51E+18,0,neutral
WBA,Thu Mar 31 19:15:21 +0000 2022,1.51E+18,1,positive
WBA,Thu Mar 31 17:38:18 +0000 2022,1.51E+18,0,neutral
WBA,Thu Mar 31 17:16:16 +0000 2022,1.51E+18,0,neutral
WBA,Thu Mar 31 17:07:19 +0000 2022,1.51E+18,0,neutral
WBA,Thu Mar 31 17:00:05 +0000 2022,1.51E+18,0.5,positive
WBA,Thu Mar 31 13:54:07 +0000 2022,1.51E+18,1,positive
WBA,Thu Mar 31 11:01:31 +0000 2022,1.51E+18,0,neutral
WBA,Thu Mar 31 11:01:18 +0000 2022,1.51E+18,0,neutral
WBA,Wed Mar 30 19:48:53 +0000 2022,1.51E+18,0,neutral
WM,Wed Mar 30 22:30:01 +0000 2022,1.51E+18,0.275,positive
WM,Wed Mar 30 17:10:07 +0000 2022,1.51E+18,0,neutral
WM,Tue Mar 29 23:46:06 +0000 2022,1.51E+18,-0.1,negative
WM,Tue Mar 29 22:30:00 +0000 2022,1.51E+18,0.275,positive
WAT,Thu Mar 31 18:21:10 +0000 2022,1.51E+18,0.2,positive
WAT,Thu Mar 31 12:05:34 +0000 2022,1.51E+18,0.266666667,positive
WAT,Wed Mar 30 02:06:20 +0000 2022,1.51E+18,0,neutral
WFC,Thu Mar 31 21:45:33 +0000 2022,1.51E+18,0,neutral
WFC,Thu Mar 31 19:18:08 +0000 2022,1.51E+18,1,positive
WFC,Thu Mar 31 18:49:24 +0000 2022,1.51E+18,0.55,positive
WFC,Thu Mar 31 17:16:16 +0000 2022,1.51E+18,0,neutral
WFC,Thu Mar 31 17:16:16 +0000 2022,1.51E+18,0,neutral
WFC,Thu Mar 31 17:16:16 +0000 2022,1.51E+18,0,neutral
WFC,Thu Mar 31 17:16:16 +0000 2022,1.51E+18,0,neutral
WFC,Thu Mar 31 17:16:16 +0000 2022,1.51E+18,0,neutral
WFC,Thu Mar 31 17:16:16 +0000 2022,1.51E+18,0,neutral
WFC,Wed Mar 30 22:03:05 +0000 2022,1.51E+18,1,positive
WDC,Wed Mar 30 16:58:14 +0000 2022,1.51E+18,0,neutral
WDC,Wed Mar 30 14:03:12 +0000 2022,1.51E+18,0,neutral
WDC,Wed Mar 30 08:01:51 +0000 2022,1.51E+18,0.025,positive
WDC,Wed Mar 30 02:47:30 +0000 2022,1.51E+18,0.106666667,positive
WDC,Wed Mar 30 00:03:07 +0000 2022,1.51E+18,0.025,positive
WRK,Thu Mar 31 21:14:42 +0000 2022,1.51E+18,0.266666667,positive
WRK,Thu Mar 31 11:01:07 +0000 2022,1.51E+18,0,neutral
WRK,Wed Mar 30 21:01:14 +0000 2022,1.51E+18,0,neutral
WRK,Wed Mar 30 20:14:41 +0000 2022,1.51E+18,0.5,positive
WHR,Wed Mar 30 21:01:49 +0000 2022,1.51E+18,0,neutral
